,ds,y,residual1,yhat1,trend,season_weekly,future_regressors_additive,future_regressor_add1,,,,,,y,residual1,yhat1
0,11/8/2021,336.9899902,-0.010070801,336.9799194,251.8289795,87.5402298,-2.389275551,-2.389275551,,,,,0,336.9899902,-0.010070801,336.9799194
1,11/9/2021,335.9500122,0.673095703,336.6231079,251.8547974,87.32506561,-2.556749582,-2.556749582,,,,,1,335.9500122,0.673095703,336.6231079
2,11/10/2021,330.7999878,5.450592041,336.2505798,251.8806152,88.6379776,-4.268009186,-4.268009186,,,,,2,330.7999878,5.450592041,336.2505798
3,11/11/2021,332.4299927,6.408782959,338.8387756,251.9064331,87.67007446,-0.737716913,-0.737716913,,,,,3,332.4299927,6.408782959,338.8387756
4,11/12/2021,336.7200012,-0.528930664,336.1910706,251.932251,87.84539795,-3.586565733,-3.586565733,,,,,4,336.7200012,-0.528930664,336.1910706
5,11/15/2021,336.0700073,2.793945313,338.8639526,252.0096893,87.5402298,-0.685973108,-0.685973108,,,,,5,336.0700073,2.793945313,338.8639526
6,11/16/2021,339.5100098,-2.534545898,336.9754639,252.0355072,87.32506561,-2.385113239,-2.385113239,,,,,6,339.5100098,-2.534545898,336.9754639
7,11/17/2021,339.1199951,-0.057647705,339.0623474,252.0613251,88.6379776,-1.636949658,-1.636949658,,,,,7,339.1199951,-0.057647705,339.0623474
8,11/18/2021,341.269989,-4.541290283,336.7286987,252.0871277,87.67007446,-3.02852416,-3.02852416,,,,,8,341.269989,-4.541290283,336.7286987
9,11/19/2021,343.1099854,-5.976074219,337.1339111,252.1129456,87.84539795,-2.824446201,-2.824446201,,,,,9,343.1099854,-5.976074219,337.1339111
10,11/22/2021,339.8299866,-6.62411499,333.2058716,252.1903992,87.5402298,-6.524742126,-6.524742126,,,,,10,339.8299866,-6.62411499,333.2058716
11,11/23/2021,337.6799927,-4.417175293,333.2628174,252.216217,87.32506561,-6.278469563,-6.278469563,,,,,11,337.6799927,-4.417175293,333.2628174
12,11/24/2021,337.9100037,0.268829346,338.178833,252.2420197,88.6379776,-2.701167107,-2.701167107,,,,,12,337.9100037,0.268829346,338.178833
13,11/26/2021,329.6799927,6.714904785,336.3948975,252.2936554,87.84539795,-3.744164705,-3.744164705,,,,,13,329.6799927,6.714904785,336.3948975
14,11/29/2021,336.6300049,-2.236450195,334.3935547,252.3710938,87.5402298,-5.51777792,-5.51777792,,,,,14,336.6300049,-2.236450195,334.3935547
15,11/30/2021,330.5899963,-2.230255127,328.3597412,252.3969116,87.32506561,-11.36226082,-11.36226082,,,,,15,330.5899963,-2.230255127,328.3597412
16,12/1/2021,330.0799866,3.51473999,333.5947266,252.4227295,88.6379776,-7.465965748,-7.465965748,,,,,16,330.0799866,3.51473999,333.5947266
17,12/2/2021,329.4899902,4.21206665,333.7020569,252.4485474,87.67007446,-6.416562557,-6.416562557,,,,,17,329.4899902,4.21206665,333.7020569
18,12/3/2021,323.0100098,6.398925781,329.4089355,252.4743652,87.84539795,-10.91080856,-10.91080856,,,,,18,323.0100098,6.398925781,329.4089355
19,12/6/2021,326.1900024,7.307342529,333.497345,252.0744019,87.5402298,-6.117280483,-6.117280483,,,,,19,326.1900024,7.307342529,333.497345
20,12/7/2021,334.9200134,-2.268218994,332.6517944,251.8477325,87.32506561,-6.520988464,-6.520988464,,,,,20,334.9200134,-2.268218994,332.6517944
21,12/8/2021,334.9700012,1.322967529,336.2929688,251.6210632,88.6379776,-3.96607542,-3.96607542,,,,,21,334.9700012,1.322967529,336.2929688
22,12/9/2021,333.1000061,3.037689209,336.1376953,251.3944092,87.67007446,-2.926791191,-2.926791191,,,,,22,333.1000061,3.037689209,336.1376953
23,12/10/2021,342.5400085,-12.93447876,329.6055298,251.1677399,87.84539795,-9.407625198,-9.407625198,,,,,23,342.5400085,-12.93447876,329.6055298
24,12/13/2021,339.3999939,-7.026855469,332.3731384,250.4877625,87.5402298,-5.654850006,-5.654850006,,,,,24,339.3999939,-7.026855469,332.3731384
25,12/14/2021,328.3399963,-2.74987793,325.5901184,250.2610931,87.32506561,-11.99604034,-11.99604034,,,,,25,328.3399963,-2.74987793,325.5901184
26,12/15/2021,334.6499939,-4.277435303,330.3725586,250.0344391,88.6379776,-8.299866676,-8.299866676,,,,,26,334.6499939,-4.277435303,330.3725586
27,12/16/2021,324.8999939,4.419311523,329.3193054,249.8077698,87.67007446,-8.158551216,-8.158551216,,,,,27,324.8999939,4.419311523,329.3193054
28,12/17/2021,323.7999878,0.279083252,324.079071,249.5811157,87.84539795,-13.34742069,-13.34742069,,,,,28,323.7999878,0.279083252,324.079071
29,12/20/2021,319.9100037,11.11029053,331.0202942,248.901123,87.5402298,-5.421064377,-5.421064377,,,,,29,319.9100037,11.11029053,331.0202942
30,12/21/2021,327.2900085,4.75177002,332.0417786,248.674469,87.32506561,-3.957750797,-3.957750797,,,,,30,327.2900085,4.75177002,332.0417786
31,12/22/2021,333.2000122,-0.109069824,333.0909424,248.4477997,88.6379776,-3.994844198,-3.994844198,,,,,31,333.2000122,-0.109069824,333.0909424
32,12/23/2021,334.6900024,-0.66607666,334.0239258,248.2211304,87.67007446,-1.867266893,-1.867266893,,,,,32,334.6900024,-0.66607666,334.0239258
33,12/27/2021,342.4500122,-9.596893311,332.8531189,247.3144836,87.5402298,-2.001605034,-2.001605034,,,,,33,342.4500122,-9.596893311,332.8531189
34,12/28/2021,341.25,-7.089904785,334.1600952,247.0878296,87.32506561,-0.252802104,-0.252802104,,,,,34,341.25,-7.089904785,334.1600952
35,12/29/2021,341.9500122,-6.450866699,335.4991455,246.8611603,88.6379776,0,0,,,,,35,341.9500122,-6.450866699,335.4991455
36,12/30/2021,339.3200073,-5.40411377,333.9158936,246.6345062,87.67007446,-0.388690889,-0.388690889,,,,,36,339.3200073,-5.40411377,333.9158936
37,12/31/2021,336.3200073,-3.605987549,332.7140198,246.0760345,87.84539795,-1.207410455,-1.207410455,,,,,37,336.3200073,-3.605987549,332.7140198
38,1/3/2022,334.75,-8.727752686,326.0222473,244.1228638,87.5402298,-5.640853882,-5.640853882,,,,,38,334.75,-8.727752686,326.0222473
39,1/4/2022,329.0100098,-5.408447266,323.6015625,243.4718018,87.32506561,-7.195290565,-7.195290565,,,,,39,329.0100098,-5.408447266,323.6015625
40,1/5/2022,316.3800049,4.871826172,321.2518311,242.8207397,88.6379776,-10.20687962,-10.20687962,,,,,40,316.3800049,4.871826172,321.2518311
41,1/6/2022,313.8800049,5.919433594,319.7994385,242.169693,87.67007446,-10.04030418,-10.04030418,,,,,41,313.8800049,5.919433594,319.7994385
42,1/7/2022,314.0400085,8.110076904,322.1500854,241.518631,87.84539795,-7.213939667,-7.213939667,,,,,42,314.0400085,8.110076904,322.1500854
43,1/10/2022,314.269989,0.900543213,315.1705322,239.5654602,87.5402298,-11.93515587,-11.93515587,,,,,43,314.269989,0.900543213,315.1705322
44,1/11/2022,314.980011,5.405700684,320.3857117,238.9143982,87.32506561,-5.853745937,-5.853745937,,,,,44,314.980011,5.405700684,320.3857117
45,1/12/2022,318.269989,0.743164063,319.0131531,238.2633362,88.6379776,-7.888159752,-7.888159752,,,,,45,318.269989,0.743164063,319.0131531
46,1/13/2022,304.7999878,8.107910156,312.9078979,237.6122742,87.67007446,-12.37444878,-12.37444878,,,,,46,304.7999878,8.107910156,312.9078979
47,1/14/2022,310.2000122,4.484558105,314.6845703,236.9612122,87.84539795,-10.12204075,-10.12204075,,,,,47,310.2000122,4.484558105,314.6845703
48,1/18/2022,302.6499939,7.895202637,310.5451965,234.3569794,87.32506561,-11.13683987,-11.13683987,,,,,48,302.6499939,7.895202637,310.5451965
49,1/19/2022,303.3299866,6.407714844,309.7377014,233.7059326,88.6379776,-12.6061945,-12.6061945,,,,,49,303.3299866,6.407714844,309.7377014
50,1/20/2022,301.6000061,10.82522583,312.4252319,233.0548706,87.67007446,-8.299702644,-8.299702644,,,,,50,301.6000061,10.82522583,312.4252319
51,1/21/2022,296.0299988,6.695526123,302.7255249,232.4038086,87.84539795,-17.52369499,-17.52369499,,,,,51,296.0299988,6.695526123,302.7255249
52,1/24/2022,296.3699951,-7.225708008,289.1442871,230.4506378,87.5402298,-28.84657669,-28.84657669,,,,,52,296.3699951,-7.225708008,289.1442871
53,1/25/2022,288.4899902,5.045257568,293.5352478,229.7995758,87.32506561,-23.58939362,-23.58939362,,,,,53,288.4899902,5.045257568,293.5352478
54,1/26/2022,296.7099915,-9.666595459,287.043396,229.1688843,88.6379776,-30.76346397,-30.76346397,,,,,54,296.7099915,-9.666595459,287.043396
55,1/27/2022,299.8399963,0.692077637,300.532074,228.5480957,87.67007446,-15.68609428,-15.68609428,,,,,55,299.8399963,0.692077637,300.532074
56,1/28/2022,308.2600098,-6.648193359,301.6118164,227.9273071,87.84539795,-14.16087532,-14.16087532,,,,,56,308.2600098,-6.648193359,301.6118164
57,1/31/2022,310.980011,-10.18939209,300.7906189,226.0649567,87.5402298,-12.81455612,-12.81455612,,,,,57,310.980011,-10.18939209,300.7906189
58,2/1/2022,308.7600098,-6.563323975,302.1966858,225.4441681,87.32506561,-10.57255459,-10.57255459,,,,,58,308.7600098,-6.563323975,302.1966858
59,2/2/2022,313.4599915,-8.810577393,304.6494141,224.8233948,88.6379776,-8.811958313,-8.811958313,,,,,59,313.4599915,-8.810577393,304.6494141
60,2/3/2022,301.25,-1.08416748,300.1658325,224.2026062,87.67007446,-11.70683861,-11.70683861,,,,,60,301.25,-1.08416748,300.1658325
61,2/4/2022,305.9400024,-2.696533203,303.2434692,223.5818176,87.84539795,-8.183728218,-8.183728218,,,,,61,305.9400024,-2.696533203,303.2434692
62,2/7/2022,300.9500122,2.804229736,303.7542419,221.7194672,87.5402298,-5.505454063,-5.505454063,,,,,62,300.9500122,2.804229736,303.7542419
63,2/8/2022,304.5599976,-3.228271484,301.3317261,221.0986786,87.32506561,-7.092006207,-7.092006207,,,,,63,304.5599976,-3.228271484,301.3317261
64,2/9/2022,311.2099915,-8.722351074,302.4876404,220.47789,88.6379776,-6.628230095,-6.628230095,,,,,64,311.2099915,-8.722351074,302.4876404
65,2/10/2022,302.3800049,-7.23550415,295.1445007,219.8571167,87.67007446,-12.38269138,-12.38269138,,,,,65,302.3800049,-7.23550415,295.1445007
66,2/11/2022,295.0400085,2.193389893,297.2333984,219.2363281,87.84539795,-9.848304749,-9.848304749,,,,,66,295.0400085,2.193389893,297.2333984
67,2/14/2022,295,1.215087891,296.2150879,217.3739624,87.5402298,-8.699126244,-8.699126244,,,,,67,295,1.215087891,296.2150879
68,2/15/2022,300.4700012,-1.295288086,299.1747131,216.7531891,87.32506561,-4.903544426,-4.903544426,,,,,68,300.4700012,-1.295288086,299.1747131
69,2/16/2022,299.5,-0.826293945,298.6737061,216.1324005,88.6379776,-6.096672535,-6.096672535,,,,,69,299.5,-0.826293945,298.6737061
70,2/17/2022,290.730011,5.343170166,296.0731812,215.5116119,87.67007446,-7.108492851,-7.108492851,,,,,70,290.730011,5.343170166,296.0731812
71,2/18/2022,287.9299927,6.962219238,294.8922119,214.8908386,87.84539795,-7.844006062,-7.844006062,,,,,71,287.9299927,6.962219238,294.8922119
72,2/22/2022,287.7200012,2.291687012,290.0116882,213.5798035,87.32506561,-10.89317894,-10.89317894,,,,,72,287.7200012,2.291687012,290.0116882
73,2/23/2022,280.269989,12.7850647,293.0550537,213.7086182,88.6379776,-9.291527748,-9.291527748,,,,,73,280.269989,12.7850647,293.0550537
74,2/24/2022,294.5899963,-10.20025635,284.38974,213.8374329,87.67007446,-17.11778259,-17.11778259,,,,,74,294.5899963,-10.20025635,284.38974
75,2/25/2022,297.3099976,-2.641571045,294.6684265,213.9662628,87.84539795,-7.143219948,-7.143219948,,,,,75,297.3099976,-2.641571045,294.6684265
76,2/28/2022,298.7900085,-4.889404297,293.9006042,214.3527222,87.5402298,-7.992341042,-7.992341042,,,,,76,298.7900085,-4.889404297,293.9006042
77,3/1/2022,294.9500122,0.25567627,295.2056885,214.4815369,87.32506561,-6.600929737,-6.600929737,,,,,77,294.9500122,0.25567627,295.2056885
78,3/2/2022,300.1900024,-3.809967041,296.3800354,214.6103516,88.6379776,-6.868300438,-6.868300438,,,,,78,300.1900024,-3.809967041,296.3800354
79,3/3/2022,295.9200134,1.481140137,297.4011536,214.7391815,87.67007446,-5.008093357,-5.008093357,,,,,79,295.9200134,1.481140137,297.4011536
80,3/4/2022,289.8599854,5.787811279,295.6477966,214.8679962,87.84539795,-7.065604687,-7.065604687,,,,,80,289.8599854,5.787811279,295.6477966
81,3/7/2022,278.9100037,12.41159058,291.3215942,215.2544556,87.5402298,-11.47309303,-11.47309303,,,,,81,278.9100037,12.41159058,291.3215942
82,3/8/2022,275.8500061,13.34393311,289.1939392,215.3832703,87.32506561,-13.5144043,-13.5144043,,,,,82,275.8500061,13.34393311,289.1939392
83,3/9/2022,288.5,7.422271729,295.9222717,215.5121002,88.6379776,-8.227800369,-8.227800369,,,,,83,288.5,7.422271729,295.9222717
84,3/10/2022,285.5899963,11.36074829,296.9507446,215.6409149,87.67007446,-6.360247612,-6.360247612,,,,,84,285.5899963,11.36074829,296.9507446
85,3/11/2022,280.0700073,18.57995605,298.6499634,215.7697296,87.84539795,-4.965164185,-4.965164185,,,,,85,280.0700073,18.57995605,298.6499634
86,3/14/2022,276.4400024,20.8828125,297.3228149,216.156189,87.5402298,-6.3735919,-6.3735919,,,,,86,276.4400024,20.8828125,297.3228149
87,3/15/2022,287.1499939,8.623809814,295.7738037,216.2850189,87.32506561,-7.836294174,-7.836294174,,,,,87,287.1499939,8.623809814,295.7738037
88,3/16/2022,294.3900146,1.364105225,295.7541199,216.4138336,88.6379776,-9.297689438,-9.297689438,,,,,88,294.3900146,1.364105225,295.7541199
89,3/17/2022,295.2200012,2.555511475,297.7755127,216.5426483,87.67007446,-6.43721056,-6.43721056,,,,,89,295.2200012,2.555511475,297.7755127
90,3/18/2022,300.4299927,-7.48147583,292.9485168,216.671463,87.84539795,-11.56833839,-11.56833839,,,,,90,300.4299927,-7.48147583,292.9485168
91,3/21/2022,299.1600037,-0.784790039,298.3752136,216.2661285,87.5402298,-5.431144238,-5.431144238,,,,,91,299.1600037,-0.784790039,298.3752136
92,3/22/2022,304.0599976,-5.78704834,298.2729492,216.0723572,87.32506561,-5.124476433,-5.124476433,,,,,92,304.0599976,-5.78704834,298.2729492
93,3/23/2022,299.4899902,0.671020508,300.1610107,215.8785858,88.6379776,-4.355541229,-4.355541229,,,,,93,299.4899902,0.671020508,300.1610107
94,3/24/2022,304.1000061,-4.598358154,299.5016479,215.6848297,87.67007446,-3.853242874,-3.853242874,,,,,94,304.1000061,-4.598358154,299.5016479
95,3/25/2022,303.6799927,-3.414093018,300.2658997,215.4910583,87.84539795,-3.070555925,-3.070555925,,,,,95,303.6799927,-3.414093018,300.2658997
96,3/28/2022,310.7000122,-14.18188477,296.5181274,214.9097443,87.5402298,-5.93185091,-5.93185091,,,,,96,310.7000122,-14.18188477,296.5181274
97,3/29/2022,315.4100037,-19.63345337,295.7765503,214.7159882,87.32506561,-6.264513493,-6.264513493,,,,,97,315.4100037,-19.63345337,295.7765503
98,3/30/2022,313.8599854,-16.05438232,297.805603,214.5222168,88.6379776,-5.354589462,-5.354589462,,,,,98,313.8599854,-16.05438232,297.805603
99,3/31/2022,308.3099976,-13.81192017,294.4980774,214.3284454,87.67007446,-7.500448704,-7.500448704,,,,,99,308.3099976,-13.81192017,294.4980774
100,4/1/2022,309.4200134,-12.36477661,297.0552368,214.1346893,87.84539795,-4.924846172,-4.924846172,,,,,100,309.4200134,-12.36477661,297.0552368
101,4/4/2022,314.9700012,-17.65011597,297.3198853,213.5533752,87.5402298,-3.773709059,-3.773709059,,,,,101,314.9700012,-17.65011597,297.3198853
102,4/5/2022,310.8800049,-13.50671387,297.373291,213.3596039,87.32506561,-3.311401367,-3.311401367,,,,,102,310.8800049,-13.50671387,297.373291
103,4/6/2022,299.5,-7.925964355,291.5740356,213.1658478,88.6379776,-10.22977257,-10.22977257,,,,,103,299.5,-7.925964355,291.5740356
104,4/7/2022,301.3699951,-7.407714844,293.9622803,212.9720764,87.67007446,-6.679852009,-6.679852009,,,,,104,301.3699951,-7.407714844,293.9622803
105,4/8/2022,296.9700012,-0.149505615,296.8204956,212.7783051,87.84539795,-3.803212643,-3.803212643,,,,,105,296.9700012,-0.149505615,296.8204956
106,4/11/2022,285.2600098,6.508636475,291.7686462,212.1970062,87.5402298,-7.96859169,-7.96859169,,,,,106,285.2600098,6.508636475,291.7686462
107,4/12/2022,282.0599976,10.76983643,292.829834,212.0032349,87.32506561,-6.498462677,-6.498462677,,,,,107,282.0599976,10.76983643,292.829834
108,4/13/2022,287.6199951,10.02593994,297.6459351,211.8094635,88.6379776,-2.801512241,-2.801512241,,,,,108,287.6199951,10.02593994,297.6459351
109,4/14/2022,279.8299866,13.84909058,293.6790771,211.3872681,87.67007446,-5.378257751,-5.378257751,,,,,109,279.8299866,13.84909058,293.6790771
110,4/18/2022,280.519989,12.64675903,293.166748,207.9672546,87.5402298,-2.340714931,-2.340714931,,,,,110,280.519989,12.64675903,293.166748
111,4/19/2022,285.2999878,6.176452637,291.4764404,207.1122437,87.32506561,-2.960865498,-2.960865498,,,,,111,285.2999878,6.176452637,291.4764404
112,4/20/2022,286.3599854,5.325836182,291.6858215,206.2572327,88.6379776,-3.209382772,-3.209382772,,,,,112,286.3599854,5.325836182,291.6858215
113,4/21/2022,280.8099976,6.380889893,287.1908875,205.4022217,87.67007446,-5.881412983,-5.881412983,,,,,113,280.8099976,6.380889893,287.1908875
114,4/22/2022,274.0299988,12.50112915,286.5311279,204.547226,87.84539795,-5.86149931,-5.86149931,,,,,114,274.0299988,12.50112915,286.5311279
115,4/25/2022,280.7200012,0.381011963,281.1010132,201.9821777,87.5402298,-8.421390533,-8.421390533,,,,,115,280.7200012,0.381011963,281.1010132
116,4/26/2022,270.2200012,5.387542725,275.6075439,201.1271973,87.32506561,-12.84471321,-12.84471321,,,,,116,270.2200012,5.387542725,275.6075439
117,4/27/2022,283.2200012,-14.07519531,269.1448059,200.2721863,88.6379776,-19.76536942,-19.76536942,,,,,117,283.2200012,-14.07519531,269.1448059
118,4/28/2022,289.6300049,-10.13482666,279.4951782,199.41716,87.67007446,-7.59206152,-7.59206152,,,,,118,289.6300049,-10.13482666,279.4951782
119,4/29/2022,277.519989,-0.103088379,277.4169006,198.5621643,87.84539795,-8.990653992,-8.990653992,,,,,119,277.519989,-0.103088379,277.4169006
120,5/2/2022,284.4700012,-9.138641357,275.3313599,195.9971466,87.5402298,-8.206009865,-8.206009865,,,,,120,284.4700012,-9.138641357,275.3313599
121,5/3/2022,281.7799988,-3.775756836,278.0042419,195.1421356,87.32506561,-4.462946415,-4.462946415,,,,,121,281.7799988,-3.775756836,278.0042419
122,5/4/2022,289.980011,-14.62765503,275.352356,194.2871399,88.6379776,-7.572759628,-7.572759628,,,,,122,289.980011,-14.62765503,275.352356
123,5/5/2022,277.3500061,-7.763000488,269.5870056,193.4321289,87.67007446,-11.51520634,-11.51520634,,,,,123,277.3500061,-7.763000488,269.5870056
124,5/6/2022,274.730011,-3.586425781,271.1435852,192.5771179,87.84539795,-9.278918266,-9.278918266,,,,,124,274.730011,-3.586425781,271.1435852
125,5/9/2022,264.5799866,-0.36517334,264.2148132,190.012085,87.5402298,-13.33750343,-13.33750343,,,,,125,264.5799866,-0.36517334,264.2148132
126,5/10/2022,269.5,-2.813964844,266.6860352,189.2749023,87.32506561,-9.913923264,-9.913923264,,,,,126,269.5,-2.813964844,266.6860352
127,5/11/2022,260.5499878,3.158782959,263.7087708,188.9183502,88.6379776,-13.84755611,-13.84755611,,,,,127,260.5499878,3.158782959,263.7087708
128,5/12/2022,255.3500061,6.194519043,261.5445251,188.5617828,87.67007446,-14.6873312,-14.6873312,,,,,128,255.3500061,6.194519043,261.5445251
129,5/13/2022,261.1199951,6.816833496,267.9368286,188.2052307,87.84539795,-8.11378479,-8.11378479,,,,,129,261.1199951,6.816833496,267.9368286
130,5/16/2022,261.5,6.030853271,267.5308533,187.1355591,87.5402298,-7.144934177,-7.144934177,,,,,130,261.5,6.030853271,267.5308533
131,5/17/2022,266.8200073,1.65802002,268.4780273,186.779007,87.32506561,-5.626039982,-5.626039982,,,,,131,266.8200073,1.65802002,268.4780273
132,5/18/2022,254.0800018,14.32310486,268.4031067,186.4224548,88.6379776,-6.657325745,-6.657325745,,,,,132,254.0800018,14.32310486,268.4031067
133,5/19/2022,253.1399994,13.39332581,266.5333252,186.0658875,87.67007446,-7.202635765,-7.202635765,,,,,133,253.1399994,13.39332581,266.5333252
134,5/20/2022,252.5599976,11.13674927,263.6967468,185.7093353,87.84539795,-9.857975006,-9.857975006,,,,,134,252.5599976,11.13674927,263.6967468
135,5/23/2022,260.6499939,4.130126953,264.7801208,184.6396637,87.5402298,-7.399776459,-7.399776459,,,,,135,260.6499939,4.130126953,264.7801208
136,5/24/2022,259.6199951,6.274353027,265.8943481,184.2831116,87.32506561,-5.713816643,-5.713816643,,,,,136,259.6199951,6.274353027,265.8943481
137,5/25/2022,262.519989,4.533111572,267.0531006,183.9265442,88.6379776,-5.511412144,-5.511412144,,,,,137,262.519989,4.533111572,267.0531006
138,5/26/2022,265.8999939,1.275604248,267.1755981,183.5699921,87.67007446,-4.064461708,-4.064461708,,,,,138,265.8999939,1.275604248,267.1755981
139,5/27/2022,273.2399902,-7.024505615,266.2154846,183.2134399,87.84539795,-4.843353748,-4.843353748,,,,,139,273.2399902,-7.024505615,266.2154846
140,5/31/2022,271.8699951,-12.05596924,259.8140259,181.7872162,87.32506561,-9.298260689,-9.298260689,,,,,140,271.8699951,-12.05596924,259.8140259
141,6/1/2022,272.4200134,-6.534210205,265.8858032,181.4306641,88.6379776,-4.182844639,-4.182844639,,,,,141,272.4200134,-6.534210205,265.8858032
142,6/2/2022,274.5799866,-17.65618896,256.9237976,181.0740967,87.67007446,-11.82036495,-11.82036495,,,,,142,274.5799866,-17.65618896,256.9237976
143,6/3/2022,270.019989,-6.768951416,263.2510376,180.7175293,87.84539795,-5.311904907,-5.311904907,,,,,143,270.019989,-6.768951416,263.2510376
144,6/6/2022,268.75,-4.601806641,264.1481934,179.6106873,87.5402298,-3.002733946,-3.002733946,,,,,144,268.75,-4.601806641,264.1481934
145,6/7/2022,272.5,-9.14440918,263.3555908,179.2211456,87.32506561,-3.190611362,-3.190611362,,,,,145,272.5,-9.14440918,263.3555908
146,6/8/2022,270.4100037,-3.891326904,266.5186768,178.8316193,88.6379776,-0.950935781,-0.950935781,,,,,146,270.4100037,-3.891326904,266.5186768
147,6/9/2022,264.7900085,-3.328948975,261.4610596,178.4420929,87.67007446,-4.651109695,-4.651109695,,,,,147,264.7900085,-3.328948975,261.4610596
148,6/10/2022,252.9900055,6.223373413,259.2133789,178.0525513,87.84539795,-6.684585094,-6.684585094,,,,,148,252.9900055,6.223373413,259.2133789
149,6/13/2022,242.2599945,9.475601196,251.7355957,176.8839569,87.5402298,-12.68858337,-12.68858337,,,,,149,242.2599945,9.475601196,251.7355957
150,6/14/2022,244.4900055,13.77580261,258.2658081,176.4944153,87.32506561,-5.553688526,-5.553688526,,,,,150,244.4900055,13.77580261,258.2658081
151,6/15/2022,251.7599945,5.609085083,257.3690796,176.1048889,88.6379776,-7.373782158,-7.373782158,,,,,151,251.7599945,5.609085083,257.3690796
152,6/16/2022,244.9700012,11.01818848,255.9881897,175.7153625,87.67007446,-7.397246361,-7.397246361,,,,,152,244.9700012,11.01818848,255.9881897
153,6/17/2022,247.6499939,4.077682495,251.7276764,175.3258362,87.84539795,-11.44354916,-11.44354916,,,,,153,247.6499939,4.077682495,251.7276764
154,6/21/2022,253.7400055,1.278030396,255.0180359,173.7677002,87.32506561,-6.074718475,-6.074718475,,,,,154,253.7400055,1.278030396,255.0180359
155,6/22/2022,253.1300049,4.438995361,257.5690002,173.3781586,88.6379776,-4.447154045,-4.447154045,,,,,155,253.1300049,4.438995361,257.5690002
156,6/23/2022,258.8599854,-2.616424561,256.2435608,172.9886169,87.67007446,-4.415120125,-4.415120125,,,,,156,258.8599854,-2.616424561,256.2435608
157,6/24/2022,267.7000122,-14.96046448,252.7395477,172.5990906,87.84539795,-7.704934597,-7.704934597,,,,,157,267.7000122,-14.96046448,252.7395477
158,6/27/2022,264.8900146,-9.825836182,255.0641785,171.4304962,87.5402298,-3.906537056,-3.906537056,,,,,158,264.8900146,-9.825836182,255.0641785
159,6/28/2022,256.480011,-3.114318848,253.3656921,171.0409546,87.32506561,-5.000339508,-5.000339508,,,,,159,256.480011,-3.114318848,253.3656921
160,6/29/2022,260.2600098,-3.022338867,257.2376709,170.6514282,88.6379776,-2.051716566,-2.051716566,,,,,160,260.2600098,-3.022338867,257.2376709
161,6/30/2022,256.8299866,-5.708343506,251.1216431,170.2618866,87.67007446,-6.810312748,-6.810312748,,,,,161,256.8299866,-5.708343506,251.1216431
162,7/1/2022,259.5799866,-5.01776123,254.5622253,169.898056,87.84539795,-3.181225777,-3.181225777,,,,,162,259.5799866,-5.01776123,254.5622253
163,7/5/2022,262.8500061,-4.760620117,258.089386,173.9877167,87.32506561,-3.22337985,-3.22337985,,,,,163,262.8500061,-4.760620117,258.089386
164,7/6/2022,266.2099915,-6.145782471,260.064209,175.0101166,88.6379776,-3.583872557,-3.583872557,,,,,164,266.2099915,-6.145782471,260.064209
165,7/7/2022,268.3999939,-7.071533203,261.3284607,176.0325317,87.67007446,-2.374135971,-2.374135971,,,,,165,268.3999939,-7.071533203,261.3284607
166,7/8/2022,267.6600037,-4.643676758,263.0163269,177.0549316,87.84539795,-1.883997917,-1.883997917,,,,,166,267.6600037,-4.643676758,263.0163269
167,7/11/2022,264.5100098,1.35144043,265.8614502,180.1221466,87.5402298,-1.80091393,-1.80091393,,,,,167,264.5100098,1.35144043,265.8614502
168,7/12/2022,253.6699982,6.300857544,259.9708557,181.1445618,87.32506561,-8.498762131,-8.498762131,,,,,168,253.6699982,6.300857544,259.9708557
169,7/13/2022,252.7200012,12.18606567,264.9060669,182.1669617,88.6379776,-5.898878574,-5.898878574,,,,,169,252.7200012,12.18606567,264.9060669
170,7/14/2022,254.0800018,12.67390442,266.7539063,183.1893616,87.67007446,-4.105554581,-4.105554581,,,,,170,254.0800018,12.67390442,266.7539063
171,7/15/2022,256.7200012,9.325378418,266.0453796,184.2117767,87.84539795,-6.011793137,-6.011793137,,,,,171,256.7200012,9.325378418,266.0453796
172,7/18/2022,254.25,18.14810181,272.3981018,187.2789917,87.5402298,-2.421105385,-2.421105385,,,,,172,254.25,18.14810181,272.3981018
173,7/19/2022,259.5299988,12.02774048,271.5577393,188.3014221,87.32506561,-4.068746567,-4.068746567,,,,,173,259.5299988,12.02774048,271.5577393
174,7/20/2022,262.269989,12.53076172,274.8007507,189.3238373,88.6379776,-3.161066771,-3.161066771,,,,,174,262.269989,12.53076172,274.8007507
175,7/21/2022,264.8399963,10.17175293,275.0117493,190.3462067,87.67007446,-3.004529238,-3.004529238,,,,,175,264.8399963,10.17175293,275.0117493
176,7/22/2022,260.3599854,16.06307983,276.4230652,191.3686218,87.84539795,-2.790943146,-2.790943146,,,,,176,260.3599854,16.06307983,276.4230652
177,7/25/2022,258.8299866,20.69195557,279.5219421,194.4358673,87.5402298,-2.454159737,-2.454159737,,,,,177,258.8299866,20.69195557,279.5219421
178,7/26/2022,251.8999939,20.96469116,272.8646851,195.4582672,87.32506561,-9.918656349,-9.918656349,,,,,178,251.8999939,20.96469116,272.8646851
179,7/27/2022,268.7399902,3.747924805,272.487915,196.4806671,88.6379776,-12.63072014,-12.63072014,,,,,179,268.7399902,3.747924805,272.487915
180,7/28/2022,276.4100037,-0.148498535,276.2615051,196.1070557,87.67007446,-7.515628815,-7.515628815,,,,,180,276.4100037,-0.148498535,276.2615051
181,7/29/2022,280.7399902,-4.28326416,276.4567261,195.5938263,87.84539795,-6.982479572,-6.982479572,,,,,181,280.7399902,-4.28326416,276.4567261
182,8/1/2022,278.0100098,0.932891846,278.9429016,194.0541687,87.5402298,-2.651504278,-2.651504278,,,,,182,278.0100098,0.932891846,278.9429016
183,8/2/2022,274.8200073,2.898864746,277.7188721,193.5409393,87.32506561,-3.14715147,-3.14715147,,,,,183,274.8200073,2.898864746,277.7188721
184,8/3/2022,282.4700012,-4.263519287,278.2064819,193.02771,88.6379776,-3.459205866,-3.459205866,,,,,184,282.4700012,-4.263519287,278.2064819
185,8/4/2022,283.6499939,-4.712768555,278.9372253,192.5144958,87.67007446,-1.247361064,-1.247361064,,,,,185,283.6499939,-4.712768555,278.9372253
186,8/5/2022,282.9100037,-3.770355225,279.1396484,192.0012817,87.84539795,-0.7070297,-0.7070297,,,,,186,282.9100037,-3.770355225,279.1396484
187,8/8/2022,280.3200073,-3.826873779,276.4931335,190.4616241,87.5402298,-1.508732677,-1.508732677,,,,,187,280.3200073,-3.826873779,276.4931335
188,8/9/2022,282.2999878,-8.439331055,273.8606567,189.9483948,87.32506561,-3.412807703,-3.412807703,,,,,188,282.2999878,-8.439331055,273.8606567
189,8/10/2022,289.1600037,-15.02304077,274.1369629,189.4351654,88.6379776,-3.936203957,-3.936203957,,,,,189,289.1600037,-15.02304077,274.1369629
190,8/11/2022,287.019989,-12.47808838,274.5419006,188.9219513,87.67007446,-2.050125122,-2.050125122,,,,,190,287.019989,-12.47808838,274.5419006
191,8/12/2022,291.9100037,-18.74813843,273.1618652,188.4087372,87.84539795,-3.092265368,-3.092265368,,,,,191,291.9100037,-18.74813843,273.1618652
192,8/15/2022,293.4700012,-20.30276489,273.1672363,186.8690796,87.5402298,-1.242056012,-1.242056012,,,,,192,293.4700012,-20.30276489,273.1672363
193,8/16/2022,292.7099915,-20.27813721,272.4318542,186.3558502,87.32506561,-1.249075055,-1.249075055,,,,,193,292.7099915,-20.27813721,272.4318542
194,8/17/2022,291.3200073,-18.14987183,273.1701355,185.8426361,88.6379776,-1.310490131,-1.310490131,,,,,194,291.3200073,-18.14987183,273.1701355
195,8/18/2022,290.1700134,-18.04550171,272.1245117,185.329422,87.67007446,-0.874993145,-0.874993145,,,,,195,290.1700134,-18.04550171,272.1245117
196,8/19/2022,286.1499939,-15.74423218,270.4057617,184.8161926,87.84539795,-2.255835533,-2.255835533,,,,,196,286.1499939,-15.74423218,270.4057617
197,8/22/2022,277.75,-11.02178955,266.7282104,183.2765198,87.5402298,-4.08853817,-4.08853817,,,,,197,277.75,-11.02178955,266.7282104
198,8/23/2022,276.4400024,-7.365844727,269.0741577,182.7633057,87.32506561,-1.014228106,-1.014228106,,,,,198,276.4400024,-7.365844727,269.0741577
199,8/24/2022,275.7900085,-6.16494751,269.625061,182.2500763,88.6379776,-1.262990355,-1.262990355,,,,,199,275.7900085,-6.16494751,269.625061
200,8/25/2022,278.8500061,-10.07208252,268.7779236,181.7368622,87.67007446,-0.629005909,-0.629005909,,,,,200,278.8500061,-10.07208252,268.7779236
201,8/26/2022,268.0899963,-4.124847412,263.9651489,181.2236481,87.84539795,-5.103909016,-5.103909016,,,,,201,268.0899963,-4.124847412,263.9651489
202,8/29/2022,265.230011,-0.167175293,265.0628357,179.6839905,87.5402298,-2.161365986,-2.161365986,,,,,202,265.230011,-0.167175293,265.0628357
203,8/30/2022,262.9700012,0.373413086,263.3434143,179.1707458,87.32506561,-3.152415514,-3.152415514,,,,,203,262.9700012,0.373413086,263.3434143
204,8/31/2022,261.4700012,1.846862793,263.316864,178.6575317,88.6379776,-3.978643656,-3.978643656,,,,,204,261.4700012,1.846862793,263.316864
205,9/1/2022,260.3999939,2.059448242,262.4594421,178.1443176,87.67007446,-3.354943037,-3.354943037,,,,,205,260.3999939,2.059448242,262.4594421
206,9/2/2022,256.0599976,6.233673096,262.2936707,177.6311035,87.84539795,-3.182816982,-3.182816982,,,,,206,256.0599976,6.233673096,262.2936707
207,9/6/2022,253.25,7.088043213,260.3380432,175.5782166,87.32506561,-2.565237284,-2.565237284,,,,,207,253.25,7.088043213,260.3380432
208,9/7/2022,258.0899963,1.905761719,259.9957581,175.0650024,88.6379776,-3.707233667,-3.707233667,,,,,208,258.0899963,1.905761719,259.9957581
209,9/8/2022,258.519989,1.548095703,260.0680847,174.5517731,87.67007446,-2.15377593,-2.15377593,,,,,209,258.519989,1.548095703,260.0680847
210,9/9/2022,264.4599915,-5.450012207,259.0099792,174.0385437,87.84539795,-2.873945713,-2.873945713,,,,,210,264.4599915,-5.450012207,259.0099792
211,9/12/2022,266.6499939,-8.123077393,258.5269165,172.4989014,87.5402298,-1.512201428,-1.512201428,,,,,211,266.6499939,-8.123077393,258.5269165
212,9/13/2022,251.9900055,-0.151626587,251.8383789,171.985672,87.32506561,-7.472373009,-7.472373009,,,,,212,251.9900055,-0.151626587,251.8383789
213,9/14/2022,252.2200012,4.270385742,256.490387,171.4724426,88.6379776,-3.620028019,-3.620028019,,,,,213,252.2200012,4.270385742,256.490387
214,9/15/2022,245.3800049,6.520599365,251.9006042,170.9592285,87.67007446,-6.728697777,-6.728697777,,,,,214,245.3800049,6.520599365,251.9006042
215,9/16/2022,244.7400055,3.458450317,248.1984558,170.4460144,87.84539795,-10.09294605,-10.09294605,,,,,215,244.7400055,3.458450317,248.1984558
216,9/19/2022,244.5200043,7.117462158,251.6374664,168.9063416,87.5402298,-4.809116364,-4.809116364,,,,,216,244.5200043,7.117462158,251.6374664
217,9/20/2022,242.4499969,8.527053833,250.9770508,168.3931122,87.32506561,-4.741130829,-4.741130829,,,,,217,242.4499969,8.527053833,250.9770508
218,9/21/2022,238.9499969,12.02476501,250.974762,167.8798981,88.6379776,-5.543119431,-5.543119431,,,,,218,238.9499969,12.02476501,250.974762
219,9/22/2022,240.9799957,7.519729614,248.4997253,167.366684,87.67007446,-6.537025452,-6.537025452,,,,,219,240.9799957,7.519729614,248.4997253
220,9/23/2022,237.9199982,8.986602783,246.906601,166.8534698,87.84539795,-7.792263031,-7.792263031,,,,,220,237.9199982,8.986602783,246.906601
221,9/26/2022,237.4499969,10.24099731,247.6909943,165.3138123,87.5402298,-5.163038731,-5.163038731,,,,,221,237.4499969,10.24099731,247.6909943
222,9/27/2022,236.4100037,10.82827759,247.2382813,164.8005829,87.32506561,-4.887384892,-4.887384892,,,,,222,236.4100037,10.82827759,247.2382813
223,9/28/2022,241.0700073,6.14730835,247.2173157,164.2873535,88.6379776,-5.708022118,-5.708022118,,,,,223,241.0700073,6.14730835,247.2173157
224,9/29/2022,237.5,8.866867065,246.3668671,163.7741394,87.67007446,-5.077343464,-5.077343464,,,,,224,237.5,8.866867065,246.3668671
225,9/30/2022,232.8999939,9.788101196,242.6880951,163.26091,87.84539795,-8.418207169,-8.418207169,,,,,225,232.8999939,9.788101196,242.6880951
226,10/3/2022,240.7400055,2.874389648,243.6143951,161.7212524,87.5402298,-5.647097111,-5.647097111,,,,,226,240.7400055,2.874389648,243.6143951
227,10/4/2022,248.8800049,-8.445709229,240.4342957,161.2080383,87.32506561,-8.098808289,-8.098808289,,,,,227,248.8800049,-8.445709229,240.4342957
228,10/5/2022,249.1999969,-2.032089233,247.1679077,160.694809,88.6379776,-2.164875507,-2.164875507,,,,,228,249.1999969,-2.032089233,247.1679077
229,10/6/2022,246.7899933,-1.059463501,245.7305298,160.1815948,87.67007446,-2.121129751,-2.121129751,,,,,229,246.7899933,-1.059463501,245.7305298
230,10/7/2022,234.2400055,4.014389038,238.2543945,159.6683655,87.84539795,-9.259371758,-9.259371758,,,,,230,234.2400055,4.014389038,238.2543945
231,10/10/2022,229.25,10.41958618,239.6695862,158.1286926,87.5402298,-5.999346733,-5.999346733,,,,,231,229.25,10.41958618,239.6695862
232,10/11/2022,225.4100037,13.23313904,238.6431427,157.6154785,87.32506561,-6.297404289,-6.297404289,,,,,232,225.4100037,13.23313904,238.6431427
233,10/12/2022,225.75,17.19007874,242.9400787,157.1022644,88.6379776,-2.800165653,-2.800165653,,,,,233,225.75,17.19007874,242.9400787
234,10/13/2022,234.2400055,-1.206924438,233.0330811,156.5890503,87.67007446,-11.22604465,-11.22604465,,,,,234,234.2400055,-1.206924438,233.0330811
235,10/14/2022,228.5599976,9.180862427,237.74086,156.0758362,87.84539795,-6.180368423,-6.180368423,,,,,235,228.5599976,9.180862427,237.74086
236,10/17/2022,237.5299988,-0.799499512,236.7304993,154.5361633,87.5402298,-5.345897198,-5.345897198,,,,,236,237.5299988,-0.799499512,236.7304993
237,10/18/2022,238.5,-1.758178711,236.7418213,154.022934,87.32506561,-4.606180191,-4.606180191,,,,,237,238.5,-1.758178711,236.7418213
238,10/19/2022,236.4799957,3.650299072,240.1302948,153.5097198,88.6379776,-2.017397404,-2.017397404,,,,,238,236.4799957,3.650299072,240.1302948
239,10/20/2022,236.1499939,1.754318237,237.9043121,152.9964905,87.67007446,-2.762255669,-2.762255669,,,,,239,236.1499939,1.754318237,237.9043121
240,10/21/2022,242.1199951,-6.377639771,235.7423553,152.4832764,87.84539795,-4.586308002,-4.586308002,,,,,240,242.1199951,-6.377639771,235.7423553
241,10/24/2022,247.25,-12.79351807,234.4564819,150.9436188,87.5402298,-4.027367592,-4.027367592,,,,,241,247.25,-12.79351807,234.4564819
242,10/25/2022,250.6600037,-20.95727539,229.7027283,150.4304047,87.32506561,-8.052736282,-8.052736282,,,,,242,250.6600037,-20.95727539,229.7027283
243,10/26/2022,231.3200073,-20.31036377,211.0096436,149.9171753,88.6379776,-27.54551315,-27.54551315,,,,,243,231.3200073,-20.31036377,211.0096436
244,10/27/2022,226.75,-0.033950806,226.7160492,149.4039612,87.67007446,-10.35798931,-10.35798931,,,,,244,226.75,-0.033950806,226.7160492
245,10/28/2022,235.8699951,-9.582901001,226.2870941,148.8907166,87.84539795,-10.44903183,-10.44903183,,,,,245,235.8699951,-9.582901001,226.2870941
246,10/31/2022,232.1300049,-2.672348022,229.4576569,147.351059,87.5402298,-5.433633327,-5.433633327,,,,,246,232.1300049,-2.672348022,229.4576569
247,11/1/2022,228.1699982,-0.352767944,227.8172302,146.8378448,87.32506561,-6.345679283,-6.345679283,,,,,247,228.1699982,-0.352767944,227.8172302
248,11/2/2022,220.1000061,5.327941895,225.427948,146.3246307,88.6379776,-9.534658432,-9.534658432,,,,,248,220.1000061,5.327941895,225.427948
