Open,High,Low,Close
246.75989,246.89513,246.6322,246.76851
246.85547,246.99036,246.72763,246.86356
241.58281,241.73415,241.46346,241.61182
241.1376,241.29436,241.01598,241.16705
239.9238,240.08202,239.80199,239.95229
238.40913,238.56783,238.28851,238.43764
239.41008,239.56422,239.28654,239.43024
239.71281,239.86206,239.58904,239.72784
238.93842,239.08551,238.8167,238.95343
238.79558,238.94066,238.6746,238.80945
238.69472,238.83833,238.5745,238.70793
238.88356,239.02576,238.76358,238.89558
239.02365,239.16473,238.90404,239.03499
238.91182,239.05252,238.79301,238.92355
238.89482,239.0353,238.77649,238.90671
238.53467,238.67566,238.41736,238.54787
238.58043,238.72148,238.46317,238.59346
239.23257,239.37253,239.11427,239.24347
238.74149,238.88199,238.62448,238.75415
238.83827,238.97871,238.72112,238.85068
238.59409,238.73497,238.47748,238.60735
238.06084,238.20279,237.94522,238.07587
237.98634,238.12874,237.87065,238.00136
238.10202,238.24423,237.986,238.11629
238.12048,238.26244,238.0044,238.13434
237.95454,238.09653,237.83882,237.96872
237.33366,237.47662,237.21913,237.34981
236.83383,236.97794,236.72005,236.85143
236.77834,236.92282,236.66434,236.79564
236.85649,237.00073,236.74219,236.87296
237.07632,237.21979,236.96153,237.0915
236.88515,237.02846,236.77084,236.9007
236.67789,236.82138,236.56398,236.69402
236.6138,236.75743,236.49997,236.63002
236.41995,236.56392,236.30649,236.43672
236.47775,236.62169,236.36407,236.49417
236.59877,236.7424,236.48485,236.6146
236.6452,236.78854,236.53123,236.66075
236.36081,236.50449,236.24747,236.37735
236.06772,236.21207,235.95491,236.08528
236.49988,236.64377,236.38602,236.5158
236.62059,236.76398,236.5066,236.63596
236.67043,236.81349,236.55643,236.68561
236.629,236.77202,236.51515,236.64442
236.48294,236.62624,236.36943,236.499
236.55118,236.69453,236.43748,236.56706
236.50868,236.65215,236.3951,236.52475
236.47054,236.6141,236.35701,236.48672
236.38518,236.52893,236.27184,236.40166
236.26024,236.40425,236.14708,236.2771
236.33588,236.47984,236.22249,236.35237
236.23262,236.37671,236.11945,236.24939
236.11798,236.26227,236.00499,236.13507
236.24094,236.38506,236.1276,236.25746
236.44637,236.59004,236.33263,236.46208
236.0708,236.21486,235.95792,236.08784
236.04362,236.18794,235.93068,236.06076
235.94673,236.09131,235.83394,235.96416
235.9071,236.05183,235.79434,235.92459
235.86555,236.01036,235.75282,235.88307
235.90233,236.04701,235.78944,235.91956
235.93443,236.079,235.82149,235.95148
235.74968,235.89444,235.63713,235.7673
235.51643,235.6617,235.40431,235.53487
235.52182,235.66727,235.40953,235.54015
235.57127,235.71666,235.45882,235.58926
235.65579,235.80092,235.54314,235.67334
235.65697,235.80193,235.54433,235.67442
235.47954,235.6247,235.3673,235.4976
235.23431,235.38002,235.12253,235.25327
235.0565,235.20277,234.94496,235.07608
235.02745,235.17397,234.91582,235.04697
235.47714,235.62291,235.36447,235.49481
235.52835,235.67352,235.4157,235.54565
235.04521,235.19095,234.93367,235.0643
235.04851,235.19463,234.93675,235.06763
235.17708,235.32312,235.06502,235.19572
235.07687,235.22296,234.96506,235.0958
235.54077,235.68611,235.42792,235.55792
235.83205,235.97649,235.71877,235.84816
235.82446,235.96855,235.7114,235.84074
235.73863,235.88284,235.62587,235.75548
235.5088,235.65356,235.39656,235.52672
235.58493,235.72993,235.47246,235.60272
235.74179,235.88661,235.62901,235.75903
235.93195,236.07632,235.81882,235.94849
236.02194,236.16597,235.90874,236.03821
235.97858,236.12259,235.86555,235.9951
235.78165,235.92604,235.66908,235.79904
235.69078,235.83557,235.57832,235.70857
235.71793,235.86285,235.60536,235.73563
235.98003,236.12453,235.8669,235.99672
235.95647,236.10075,235.84346,235.97318
236.12318,236.26712,236.00984,236.13931
236.08403,236.2279,235.97086,236.10039
236.20549,236.34921,236.09213,236.22156
236.35225,236.4957,236.23866,236.3679
236.27684,236.42033,236.16348,236.29291
236.05746,236.20143,235.9446,236.07446
236.08606,236.23024,235.97307,236.103
236.00897,236.15335,235.8961,236.02617
235.93388,236.07846,235.82114,235.9513
235.9036,236.04826,235.79083,235.921
235.84897,235.99371,235.73627,235.86646
235.58224,235.72745,235.47006,235.60062
235.5895,235.73486,235.47713,235.60771
235.49089,235.63641,235.37868,235.5093
235.46898,235.61453,235.35672,235.4873
235.64607,235.79128,235.53339,235.6636
235.7981,235.94281,235.68513,235.81496
235.68727,235.83194,235.57463,235.70454
235.65782,235.80258,235.54524,235.67526
235.64873,235.79356,235.53616,235.66626
235.7061,235.85088,235.5934,235.72343
235.93909,236.08347,235.82594,235.95561
235.92714,236.07135,235.81413,235.94376
235.84802,235.99232,235.73523,235.865
236.12897,236.2729,236.01558,236.14503
236.06853,236.2124,235.95538,236.08492
236.10107,236.24495,235.9879,236.11746
236.12329,236.26718,236.01013,236.13972
236.33333,236.4769,236.21976,236.3491
236.17978,236.3235,236.06662,236.1962
235.91666,236.06096,235.80405,235.93411
235.9656,236.11012,235.85278,235.9829
235.9542,236.09875,235.84134,235.97144
236.08614,236.23045,235.97296,236.10281
236.12099,236.2651,236.0078,236.13748
236.03061,236.17477,235.91763,236.04742
235.90611,236.05054,235.79337,235.92339
235.82193,235.96663,235.7093,235.83951
235.89058,236.03525,235.77776,235.90785
235.7811,235.9259,235.66847,235.79868
235.50407,235.64937,235.39198,235.52258
235.43704,235.58267,235.32494,235.45569
235.54684,235.69237,235.43442,235.56494
235.4792,235.62466,235.36691,235.49736
235.4559,235.60132,235.3436,235.474
235.36859,235.51411,235.25645,235.38693
235.35826,235.50383,235.24608,235.37657
235.3431,235.4887,235.23093,235.3614
235.41124,235.5567,235.2989,235.42924
235.53403,235.67918,235.42143,235.55154
235.65189,235.7967,235.53911,235.66898
235.509,235.65392,235.3966,235.52667
235.46489,235.60999,235.35257,235.4828
235.49367,235.63882,235.38129,235.51154
235.57338,235.71841,235.46082,235.59094
235.64023,235.7851,235.52757,235.65756
235.86809,236.01251,235.755,235.88463
235.77132,235.91571,235.65857,235.78828
235.68427,235.82886,235.5717,235.70164
235.63681,235.78165,235.52434,235.65448
235.7471,235.89186,235.63437,235.76439
235.68964,235.83443,235.57706,235.70712
235.77411,235.9188,235.66133,235.7913
235.80574,235.95032,235.69295,235.82281
235.8384,235.98286,235.72554,235.85538
235.7035,235.84819,235.59097,235.72101
235.80385,235.94849,235.69107,235.82103
235.93176,236.07614,235.81873,235.94849
235.98433,236.12851,235.87125,236.00089
235.90508,236.04932,235.7922,235.92197
235.9758,236.12003,235.8628,235.99252
235.89302,236.03737,235.78023,235.91011
235.75746,235.90215,235.64494,235.77507
235.8121,235.95683,235.69939,235.8295
235.85294,235.99757,235.74013,235.87013
235.947,236.09142,235.83398,235.9638
235.93379,236.07812,235.82086,235.95064
235.9096,236.05397,235.79674,235.92657
235.78024,235.92484,235.66763,235.79768
235.4836,235.62883,235.37157,235.50215
235.36755,235.51328,235.25563,235.38646
235.3505,235.49638,235.23845,235.36931
235.24667,235.39272,235.13478,235.26566
235.12613,235.27235,235.01439,235.14536
235.1209,235.26715,235.00906,235.13994
235.19823,235.3443,235.08617,235.21684
235.08817,235.23425,234.97635,235.10706
235.02132,235.16751,234.90959,235.04037
234.90991,235.05634,234.79837,234.92932
234.83443,234.98106,234.72295,234.85403
234.877,235.02362,234.76537,234.89636
234.80133,234.94803,234.68985,234.82088
234.79025,234.93695,234.67873,234.80974
234.72038,234.86719,234.60896,234.74005
234.8492,234.99582,234.73746,234.86833
234.66708,234.81387,234.55579,234.68686
234.68977,234.83664,234.57834,234.70944
234.71504,234.86188,234.60355,234.73459
234.68547,234.83229,234.57404,234.70508
234.63055,234.77747,234.51921,234.65033
234.56334,234.7104,234.4521,234.58334
234.51491,234.66214,234.40373,234.53506
234.56877,234.71596,234.45743,234.58868
234.56175,234.7089,234.45042,234.58162
234.48647,234.63368,234.37529,234.50656
234.4278,234.57515,234.3167,234.44809
234.39853,234.54602,234.28746,234.4189
234.42639,234.57387,234.31522,234.44662
234.45976,234.60713,234.34851,234.47981
234.57448,234.72157,234.46297,234.59406
234.48877,234.63588,234.37752,234.50867
234.43684,234.58408,234.32565,234.45695
234.4431,234.59041,234.33191,234.46323
234.43222,234.57957,234.32101,234.45238
234.51132,234.65855,234.39995,234.53117
234.61307,234.76004,234.50151,234.6325
234.59187,234.73875,234.48042,234.61142
234.56563,234.71254,234.45424,234.58531
234.49963,234.64673,234.3884,234.51962
234.47592,234.62314,234.36472,234.49602
234.38687,234.5343,234.27585,234.4073
234.23372,234.3815,234.12299,234.2547
234.29959,234.44742,234.18858,234.32025
234.41774,234.56534,234.30647,234.43788
234.4202,234.5676,234.30894,234.44022
234.3458,234.49323,234.2347,234.36607
234.29843,234.44601,234.18741,234.31891
234.35767,234.50522,234.24649,234.37794
234.45818,234.60551,234.3468,234.47804
234.50128,234.64842,234.38985,234.52098
234.42072,234.56792,234.30951,234.44072
234.49028,234.63745,234.3789,234.5101
234.67229,234.81912,234.56055,234.69145
234.6456,234.79231,234.53404,234.66492
234.70988,234.85648,234.59819,234.72903
234.79544,234.94185,234.68362,234.81436
234.83557,234.98186,234.72375,234.85443
234.79378,234.94011,234.68211,234.81287
234.67923,234.82585,234.56784,234.69884
234.59198,234.7389,234.48074,234.61197
234.48726,234.63452,234.3762,234.50764
234.48877,234.63617,234.37762,234.5091
234.52478,234.6721,234.41353,234.54485
234.47653,234.62386,234.36537,234.49669
234.47021,234.61752,234.35901,234.49033
234.55295,234.70013,234.44156,234.57271
234.66106,234.80792,234.54944,234.68037
234.57518,234.72206,234.4638,234.59483
234.35367,234.50098,234.24277,234.37419
234.32779,234.47542,234.21686,234.34846
234.39081,234.53844,234.27966,234.4112
234.4358,234.58328,234.32457,234.45593
234.40283,234.55025,234.29166,234.42302
234.45203,234.59935,234.34073,234.472
234.49384,234.64104,234.38248,234.51364
234.44931,234.5965,234.33806,234.46928
234.41563,234.56293,234.30446,234.43578
234.42958,234.57692,234.31836,234.44969
234.4648,234.61208,234.3535,234.48477
234.49667,234.64384,234.38531,234.51651
234.68063,234.82747,234.5689,234.6998
234.81996,234.96637,234.70801,234.83862
234.72658,234.87296,234.61494,234.74567
234.71681,234.8633,234.60522,234.73607
234.7144,234.861,234.60286,234.73378
234.6593,234.80606,234.5479,234.67896
234.64635,234.79321,234.53494,234.66606
234.5242,234.67131,234.41306,234.54434
234.52615,234.6734,234.41493,234.54628
234.53496,234.68217,234.42369,234.55498
234.41388,234.56128,234.30287,234.4343
234.32712,234.47475,234.21622,234.3478
234.31891,234.46666,234.20795,234.33957
234.41377,234.56134,234.30254,234.43398
234.34312,234.4907,234.23207,234.36351
234.25632,234.404,234.1454,234.27698
234.17433,234.32225,234.06354,234.19528
234.17294,234.32097,234.06209,234.19386
234.21819,234.36613,234.1072,234.23886
234.28442,234.43219,234.17328,234.30478
234.2805,234.42816,234.16939,234.30083
234.33226,234.4798,234.22104,234.3524
234.34361,234.49107,234.23239,234.36374
234.36905,234.51645,234.2578,234.38911
234.4191,234.56639,234.30775,234.43901
234.41122,234.5585,234.29996,234.43121
234.33261,234.48004,234.22154,234.35295
234.2731,234.42073,234.16214,234.2937
234.2224,234.37022,234.11151,234.2432
234.10716,234.25523,233.99649,234.12836
234.22249,234.3705,234.11148,234.2432
234.20827,234.35619,234.09729,234.22893
234.23114,234.37897,234.12012,234.25166
234.21996,234.36775,234.10896,234.2405
234.25026,234.39801,234.13919,234.27069
234.28009,234.42775,234.16896,234.3004
234.22237,234.37007,234.11137,234.24292
234.17758,234.32542,234.06668,234.19832
234.05164,234.19977,233.94098,234.07288
233.98074,234.12917,233.8702,234.00224
234.08795,234.23628,233.97708,234.10898
234.12437,234.27252,234.01343,234.14516
234.03513,234.1833,233.92438,234.0562
233.98155,234.12987,233.87088,234.0028
233.94789,234.09634,233.83725,233.96927
234.00822,234.15662,233.89742,234.02934
233.94081,234.08928,233.83018,233.96214
233.91623,234.06474,233.8056,233.93762
233.85555,234.00418,233.74503,233.87715
233.83301,233.98178,233.7225,233.85469
233.77727,233.92616,233.66685,233.7991
233.77391,233.92285,233.66344,233.79572
233.91461,234.06331,233.8038,233.93584
234.05655,234.20483,233.94547,234.07718
234.09425,234.24226,233.98317,234.11473
234.161,234.3088,234.04982,234.1813
234.08601,234.23389,233.97508,234.10667
234.04172,234.18977,233.9309,234.06267
234.08144,234.22954,233.9705,234.1023
234.14105,234.28905,234.03001,234.1617
234.053,234.20111,233.94221,234.074
234.00626,234.1545,233.89554,234.02745
233.9791,234.12747,233.86841,234.00038
233.94472,234.0932,233.83409,233.96611
233.93556,234.08409,233.82492,233.95695
233.9162,234.06476,233.80556,233.9376
233.87914,234.02774,233.76854,233.90063
234.02028,234.16869,233.90935,234.04121
234.0568,234.20499,233.94585,234.07756
234.03331,234.18144,233.92244,234.05417
234.096,234.24405,233.98499,234.11665
234.09521,234.24323,233.98424,234.11592
234.18501,234.33287,234.07387,234.20543
234.21092,234.35866,234.09978,234.23128
234.30148,234.44904,234.19019,234.32155
234.27094,234.41846,234.15977,234.29117
234.42342,234.57072,234.31195,234.44316
234.51248,234.65953,234.40092,234.53197
234.67032,234.81702,234.5585,234.6893
234.71475,234.8612,234.60297,234.73367
234.74881,234.89519,234.63702,234.76773
234.73672,234.88313,234.62505,234.75583
234.75862,234.90509,234.64696,234.77779
234.68896,234.83559,234.5775,234.70848
234.61314,234.76,234.50183,234.63298
234.49184,234.639,234.38075,234.51215
234.3784,234.52591,234.26749,234.3991
234.39148,234.53911,234.28044,234.41203
234.44885,234.59637,234.33766,234.46907
234.42247,234.56992,234.31131,234.44269
234.38667,234.53413,234.27556,234.40695
234.1649,234.31274,234.05426,234.18599
234.04836,234.19661,233.93782,234.06984
233.98839,234.13693,233.8779,234.01004
233.96637,234.115,233.85582,233.98798
233.9591,234.10774,233.84851,233.9806
233.88995,234.03865,233.77946,233.91159
233.86935,234.0181,233.75883,233.89098
233.80447,233.95331,233.69403,233.82626
233.78642,233.93535,233.67598,233.80824
233.75902,233.90799,233.64857,233.78085
233.71245,233.86151,233.60207,233.73442
233.61403,233.7633,233.50383,233.63634
233.50914,233.65868,233.3991,233.5318
233.45224,233.60199,233.34224,233.47505
233.36493,233.5149,233.25504,233.38799
233.37828,233.52832,233.26826,233.40121
233.4672,233.61703,233.35692,233.48965
233.38463,233.53445,233.27454,233.40732
233.32153,233.4715,233.21153,233.34442
233.2418,233.39198,233.13194,233.265
233.12198,233.27246,233.01231,233.14561
233.1263,233.27693,233.01653,233.14987
233.11252,233.2632,233.00273,233.13608
233.19777,233.34827,233.0877,233.22089
233.41765,233.56764,233.30711,233.43985
233.48886,233.63841,233.37827,233.51074
233.74487,233.89383,233.63376,233.76582
233.7525,233.90115,233.64156,233.77353
234.0068,234.155,233.89539,234.02704
233.9746,234.12262,233.86345,233.9951
233.90843,234.05661,233.79755,233.9294
233.94415,234.09244,233.83324,233.96516
233.721,233.86969,233.61064,233.74295
233.66788,233.81696,233.55757,233.69011
233.71112,233.86028,233.60068,233.73315
233.64758,233.7968,233.53728,233.66975
233.66345,233.81268,233.55307,233.68552
234.20236,234.35066,234.09076,234.22232
234.40623,234.5536,234.29442,234.42537
234.3019,234.44904,234.19049,234.32153
234.09697,234.24454,233.9861,234.11761
233.96344,234.11157,233.85283,233.98483
233.98767,234.1361,233.87698,234.00906
234.40652,234.5543,234.29489,234.4263
234.28339,234.43092,234.17221,234.30356
234.19722,234.34488,234.08624,234.21774
234.0808,234.22876,233.97006,234.10184
233.80833,233.95697,233.69817,233.83049
234.02023,234.1689,233.90944,234.04158
233.61328,233.76248,233.50345,233.63605
233.27658,233.4267,233.16727,233.30058
233.21587,233.36655,233.10643,233.23997
232.89987,233.05118,232.79099,232.92494
232.51367,232.66594,232.4054,232.54002
232.33289,232.48595,232.22467,232.35973
232.0983,232.25198,231.99033,232.12573
231.83586,231.99023,231.72816,231.86403
231.64091,231.79594,231.53333,231.66956
231.58057,231.73596,231.4728,231.60919
231.46303,231.61867,231.35532,231.49185
231.5073,231.66295,231.3992,231.53569
231.36998,231.52574,231.26207,231.39871
231.37146,231.52736,231.26334,231.40009
231.31517,231.47118,231.20706,231.3439
231.21582,231.37202,231.1078,231.24487
231.17839,231.33484,231.07036,231.20757
231.02008,231.17686,230.91231,231.04982
231.12637,231.28323,231.01817,231.15567
231.11627,231.27303,231.00807,231.1455
231.04971,231.20653,230.94162,231.07913
230.94716,231.10425,230.83923,230.97699
230.92542,231.0827,230.81744,230.95534
230.92781,231.08516,230.81976,230.95767
231.01834,231.17552,230.90999,231.04776
231.06845,231.2254,230.96002,231.09761
231.08598,231.24274,230.9775,231.11499
231.08263,231.23933,230.97415,231.11166
231.02249,231.17928,230.91415,231.05177
231.05284,231.20969,230.94443,231.08208
230.9895,231.14644,230.88126,231.01898
230.90161,231.05879,230.79355,230.93147
230.87988,231.03728,230.77184,230.90987
230.90964,231.06703,230.80147,230.93947
230.91687,231.0742,230.80865,230.9466
230.91069,231.06801,230.80246,230.94041
230.87965,231.037,230.7715,230.90948
230.71042,230.8681,230.60263,230.74095
230.65036,230.80846,230.54263,230.6812
230.57776,230.73616,230.47012,230.60889
230.45352,230.61229,230.34612,230.4851
230.40381,230.5629,230.29637,230.43558
230.3688,230.52806,230.26134,230.40063
230.41975,230.57901,230.31206,230.45132
230.48035,230.63942,230.37244,230.51155
230.62814,230.78685,230.51988,230.65868
230.67868,230.83702,230.57033,230.70892
230.7375,230.8956,230.62903,230.76752
230.66095,230.81903,230.55273,230.6913
230.70828,230.8664,230.59993,230.73853
230.75177,230.90977,230.64337,230.78188
230.85793,231.01567,230.74933,230.8876
230.86655,231.02406,230.75803,230.89616
230.92874,231.08607,230.82011,230.95815
231.01454,231.17163,230.90578,231.04362
231.25327,231.4098,231.14403,231.28142
231.2029,231.3591,231.09398,231.23122
231.09976,231.2561,230.99115,231.1286
231.0515,231.20811,230.94304,231.08069
231.03053,231.18733,230.92216,231.05989
230.85866,231.01582,230.75072,230.88872
230.70045,230.85818,230.59283,230.73122
230.58238,230.74063,230.47491,230.61362
230.53645,230.69507,230.42899,230.56786
230.51263,230.6714,230.4051,230.54404
230.44467,230.60358,230.3372,230.47623
230.31607,230.47531,230.20879,230.34808
230.20982,230.36949,230.10266,230.24226
230.16963,230.32962,230.0624,230.20221
230.15556,230.31569,230.04825,230.18813
230.12663,230.28687,230.01927,230.15924
230.08977,230.2501,229.98239,230.12245
230.05629,230.21677,229.9489,230.08907
230.1302,230.29063,230.02254,230.16266
230.11641,230.27675,230.00877,230.14883
230.1631,230.32333,230.05528,230.1953
230.13846,230.29865,230.03069,230.17073
230.07953,230.23985,229.9719,230.11205
229.99583,230.15639,229.88835,230.02872
229.90207,230.06299,229.79478,229.9354
229.81268,229.97395,229.70554,229.8464
229.66377,229.82552,229.5569,229.69812
229.54352,229.70576,229.4368,229.57835
229.44029,229.60303,229.33368,229.47556
229.42528,229.58832,229.31854,229.46057
229.4294,229.5925,229.32253,229.46457
229.43091,229.59402,229.3239,229.46597
229.50722,229.67018,229.39992,229.54189
229.50627,229.66911,229.39896,229.54085
229.49318,229.656,229.38582,229.52777
229.43442,229.59737,229.32716,229.46927
229.42435,229.58746,229.31708,229.45929
229.4297,229.59283,229.32237,229.46461
229.46826,229.63133,229.36082,229.503
229.47333,229.63629,229.36588,229.508
229.48213,229.64505,229.37465,229.51674
229.52205,229.68488,229.41447,229.55649
229.55144,229.71413,229.4438,229.58575
229.58083,229.74338,229.47316,229.615
229.6096,229.77202,229.50189,229.64365
229.67426,229.8365,229.56642,229.70805
229.67815,229.84024,229.57036,229.71191
229.70287,229.86485,229.59505,229.73653
229.73766,229.89954,229.62982,229.77121
229.72005,229.88187,229.61229,229.75368
229.72664,229.88846,229.61891,229.76028
229.77757,229.9393,229.66975,229.81104
229.9033,230.06473,229.79523,229.93623
230.01926,230.18024,229.91101,230.05167
230.12549,230.286,230.01706,230.15741
230.144,230.3042,230.03566,230.17587
230.08994,230.25015,229.98184,230.1221
230.02573,230.18613,229.91783,230.05826
229.96533,230.12599,229.85764,229.99821
229.90523,230.06615,229.7977,229.93842
229.89622,230.0573,229.78871,229.92949
229.9088,230.0699,229.80122,229.94197
229.96167,230.12263,229.85396,229.99458
230.00517,230.16597,229.89737,230.03786
230.05817,230.21878,229.95024,230.0906
230.09688,230.25731,229.98888,230.12914
230.1275,230.28777,230.01945,230.15962
230.11086,230.27109,230.00291,230.14308
230.10504,230.2653,229.99713,230.13733
230.13132,230.29155,230.02336,230.16353
230.08702,230.2473,229.97923,230.11943
230.02911,230.18956,229.92146,230.06178
229.9769,230.13756,229.86935,230.00983
229.9137,230.07458,229.80627,229.94691
229.9448,230.10577,229.83723,229.97787
229.9772,230.13809,229.86955,230.01012
229.95139,230.11226,229.8438,229.98433
229.95401,230.1149,229.84639,229.98695
229.95578,230.11668,229.84813,229.98871
229.99377,230.15462,229.88602,230.02655
230.07614,230.23677,229.96819,230.10857
230.21593,230.37617,230.10768,230.24774
230.27042,230.43027,230.16212,230.30196
230.2719,230.43156,230.16367,230.30344
230.22008,230.3798,230.11205,230.2519
230.17606,230.33595,230.06816,230.20816
230.10706,230.26717,229.99934,230.13948
230.06406,230.22438,229.95644,230.0967
230.0139,230.17442,229.90639,230.04675
229.91917,230.07996,229.81184,229.95242
229.8457,230.00682,229.73848,229.87924
229.76384,229.92526,229.65674,229.7977
229.71577,229.87749,229.60869,229.74983
229.66698,229.82892,229.55992,229.70122
229.62973,229.79184,229.52267,229.66408
229.6167,229.77893,229.50957,229.65105
229.62845,229.79073,229.52121,229.6627
229.64803,229.81026,229.54066,229.68214
229.63197,229.7942,229.52463,229.66612
229.5671,229.72945,229.45984,229.60149
229.52882,229.69139,229.42162,229.56342
229.49614,229.65886,229.38893,229.53087
229.46428,229.62714,229.3571,229.49913
229.42181,229.58481,229.3147,229.45682
229.3985,229.56165,229.29137,229.4336
229.40675,229.56995,229.29956,229.4418
229.43724,229.6004,229.32993,229.47212
229.46475,229.62778,229.35733,229.49945
229.4604,229.62337,229.35297,229.49509
229.43446,229.59747,229.3271,229.46925
229.3803,229.54343,229.27304,229.41533
229.32152,229.48488,229.21437,229.35684
229.22842,229.39209,229.12148,229.26416
229.17418,229.33817,229.06729,229.21017
229.08884,229.25311,228.98209,229.12518
229.03427,229.19885,228.92755,229.07085
228.99243,229.15727,228.88573,229.02917
228.97797,229.14293,228.8712,229.01472
228.95316,229.11824,228.84636,228.98997
228.93878,229.10397,228.83195,228.97565
228.92738,229.09265,228.82051,228.96426
228.96591,229.13116,228.85886,229.00261
228.9944,229.15953,228.88725,229.03093
228.99658,229.16162,228.88939,229.03305
228.9813,229.14636,228.87413,229.01782
228.96947,229.13458,228.8623,229.00606
228.96286,229.128,228.8557,228.99948
228.95909,229.12425,228.85194,228.99573
228.9576,229.12276,228.85042,228.99423
228.968,229.13315,228.8608,229.0046
228.98723,229.15231,228.87996,229.02371
229.01524,229.18024,228.90793,229.05159
229.02266,229.18756,228.91534,229.05896
229.00989,229.17479,228.90262,229.04625
228.98526,229.15019,228.87804,229.02173
228.94493,229.11,228.83781,228.98161
228.90955,229.07477,228.8025,228.94638
228.88713,229.0525,228.78015,228.9241
228.85934,229.02483,228.7524,228.89642
228.85356,229.0191,228.74658,228.89066
228.85338,229.01897,228.74635,228.89046
228.8578,229.02339,228.75075,228.89484
228.8441,229.00974,228.73708,228.8812
228.83784,229.00351,228.7308,228.87495
228.81194,228.97766,228.70494,228.84915
228.7967,228.96254,228.68971,228.834
228.7854,228.95128,228.6784,228.82274
228.78096,228.94691,228.67397,228.81833
228.75003,228.91605,228.64308,228.7875
228.73267,228.89877,228.62572,228.77022
228.69844,228.86467,228.59157,228.73615
228.67586,228.8422,228.56898,228.71365
228.63942,228.80591,228.53261,228.67738
228.61824,228.78487,228.51143,228.65631
228.58307,228.74983,228.4763,228.62128
228.55545,228.72237,228.44872,228.5938
228.52881,228.69583,228.42206,228.56723
228.5049,228.67206,228.39818,228.54344
228.48703,228.6543,228.3803,228.52562
228.46564,228.633,228.3589,228.5043
228.45491,228.62236,228.34816,228.49364
228.41156,228.57913,228.30487,228.45045
228.44835,228.61598,228.3415,228.48712
228.50282,228.67032,228.39583,228.5413
228.54965,228.71692,228.44252,228.58788
228.57745,228.74455,228.47026,228.61551
228.61317,228.7801,228.50589,228.65106
228.62048,228.78731,228.51323,228.65833
228.64023,228.80696,228.53294,228.67801
228.6194,228.78612,228.51222,228.65727
228.63806,228.80475,228.53085,228.67589
228.67201,228.83861,228.56474,228.70969
228.69246,228.85893,228.58519,228.73003
228.74092,228.90723,228.63356,228.77827
228.76178,228.92792,228.6544,228.79903
228.77905,228.94508,228.67168,228.81622
228.77032,228.93633,228.66304,228.80756
228.77408,228.94006,228.66681,228.81133
228.76053,228.92653,228.65332,228.79784
228.77197,228.93797,228.66476,228.80927
228.7746,228.94057,228.66742,228.81187
228.80879,228.9747,228.70152,228.84592
228.82681,228.99261,228.71954,228.86385
228.90016,229.06578,228.79272,228.9369
228.98508,229.15038,228.87747,229.02141
229.03201,229.197,228.92438,229.0681
229.14084,229.30551,229.03297,229.17648
229.16211,229.32649,229.05434,229.19765
229.158,229.32228,229.05032,229.1936
229.16704,229.33127,229.0594,229.20265
229.20161,229.36577,229.09396,229.23714
229.24242,229.40642,229.13475,229.27779
229.26305,229.42688,229.1554,229.2983
229.2748,229.43854,229.16718,229.31003
229.25551,229.41925,229.148,229.29085
229.20636,229.3702,229.099,229.24193
229.25604,229.41992,229.14859,229.29149
229.32896,229.49263,229.22134,229.36406
229.53476,229.69794,229.42671,229.569
229.74106,229.90346,229.63264,229.77434
229.97868,230.14018,229.86983,230.01091
230.11914,230.27985,230.01016,230.15076
230.23558,230.39569,230.12656,230.26677
230.35405,230.51366,230.24495,230.38486
230.37276,230.53206,230.26387,230.4036
230.53156,230.6905,230.42249,230.5619
230.61575,230.77426,230.50673,230.64581
230.58907,230.74739,230.48032,230.61931
230.53026,230.68867,230.42181,230.56087
230.46596,230.62459,230.35776,230.49695
230.39764,230.55653,230.28967,230.42902
230.35205,230.51118,230.24422,230.38367
230.31546,230.47476,230.2077,230.34721
230.34976,230.5091,230.24191,230.38138
230.41989,230.57907,230.31186,230.45117
230.4561,230.61511,230.34802,230.48718
230.43593,230.59488,230.32791,230.46706
230.35951,230.51862,230.2517,230.39099
230.4018,230.56099,230.29384,230.43317
230.38986,230.54906,230.28194,230.42128
230.33777,230.49704,230.22997,230.36938
230.31831,230.47772,230.21053,230.35004
230.27283,230.43239,230.16513,230.30475
230.24352,230.4032,230.13585,230.27556
230.17546,230.33534,230.0679,230.20775
230.0947,230.25487,229.9873,230.12735
229.99593,230.1564,229.88867,230.02896
229.8974,230.0583,229.79031,229.93086
229.83017,229.99141,229.72313,229.86389
229.80424,229.9657,229.69713,229.83803
229.79326,229.9548,229.68605,229.82703
229.83882,230.00034,229.73145,229.87234
229.87209,230.03346,229.76454,229.90536
229.81845,229.97983,229.71101,229.85188
229.80228,229.96378,229.69481,229.8358
229.80998,229.97153,229.70247,229.8435
229.86256,230.02403,229.7549,229.89584
229.98734,230.14848,229.87935,230.02007
230.03918,230.19997,229.93114,230.07162
230.15086,230.31133,230.0426,230.18286
230.18295,230.3431,230.07469,230.21478
230.1682,230.32826,230.06006,230.20013
230.25182,230.41173,230.14351,230.28348
230.37144,230.531,230.26295,230.40263
230.4632,230.62236,230.35461,230.494
230.49232,230.6512,230.38379,230.52301
230.53651,230.69522,230.42798,230.56711
230.57413,230.73268,230.46562,230.60461
230.56642,230.72491,230.45804,230.59702
230.56404,230.72253,230.45572,230.5947
230.62871,230.78711,230.5203,230.65915
230.73755,230.89566,230.62897,230.76755
230.70673,230.86467,230.59831,230.73683
230.61034,230.76845,230.50221,230.6409
230.48438,230.64287,230.37656,230.51552
230.41516,230.57405,230.30748,230.44669
230.35858,230.51778,230.251,230.39037
230.27126,230.4307,230.1638,230.30334
230.21812,230.37784,230.1107,230.2504
230.15921,230.31915,230.05186,230.1917
230.15472,230.31482,230.04729,230.1872
230.13933,230.29948,230.03185,230.17178
230.18849,230.3486,230.08081,230.2207
230.20074,230.36075,230.09302,230.23285
230.22394,230.38387,230.1161,230.2559
230.23607,230.39594,230.1282,230.26797
230.21814,230.37799,230.1103,230.25012
230.14464,230.30464,230.03697,230.17694
230.06563,230.22589,229.95811,230.09828
230.09953,230.25995,229.99188,230.13211
230.0965,230.25688,229.98883,230.12901
230.22223,230.3824,230.11423,230.25421
230.20427,230.36423,230.09636,230.23624
230.17047,230.33044,230.06264,230.20258
230.083,230.2432,229.97537,230.1155
230.06229,230.2227,229.95468,230.09494
230.04369,230.20421,229.9361,230.07643
230.10794,230.2684,230.00015,230.1404
230.09627,230.25662,229.98853,230.12871
230.11313,230.27344,230.00533,230.14548
230.17644,230.33661,230.06848,230.20853
230.17854,230.33862,230.07063,230.2106
230.18855,230.34856,230.08061,230.22055
230.26503,230.42488,230.15692,230.29675
230.2684,230.42812,230.16034,230.3001
230.33324,230.4928,230.22504,230.36467
230.45033,230.6096,230.34192,230.48132
230.59158,230.75037,230.48293,230.62198
230.67978,230.83812,230.57104,230.70981
230.68448,230.84259,230.57585,230.71452
230.73363,230.8916,230.62497,230.76355
230.75206,230.90993,230.64346,230.78198
230.71236,230.87024,230.60396,230.74251
230.64903,230.8071,230.54085,230.67952
230.6242,230.78244,230.51611,230.65488
230.6379,230.79617,230.52977,230.6685
230.53091,230.68935,230.42307,230.56194
230.40295,230.5618,230.29538,230.43452
230.27701,230.43633,230.16965,230.30914
230.14946,230.30927,230.0423,230.1821
230.11142,230.27159,230.00423,230.14423
230.10281,230.26312,229.99551,230.13556
230.1225,230.28282,230.01506,230.15508
230.1678,230.328,230.06017,230.2001
230.23424,230.39424,230.1264,230.26617
230.23352,230.39339,230.12566,230.26541
230.24963,230.40945,230.14172,230.28148
230.23364,230.39343,230.12576,230.26553
230.22835,230.3882,230.12048,230.26031
230.28285,230.44263,230.17484,230.31459
230.3245,230.4841,230.21642,230.35605
230.26788,230.42747,230.15997,230.29964
230.18622,230.34602,230.0785,230.21837
230.153,230.31302,230.04532,230.18533
230.09831,230.25853,229.99075,230.13089
230.09868,230.25902,229.99107,230.13124
230.11032,230.27066,230.00266,230.1428
230.22989,230.39,230.1219,230.26183
230.17946,230.33943,230.07164,230.21153
230.21628,230.37622,230.10834,230.24823
230.22623,230.38611,230.1183,230.25813
230.16084,230.32079,230.05307,230.19301
230.09457,230.25475,229.98694,230.12708
230.09122,230.25156,229.98357,230.12378
230.18744,230.34766,230.07951,230.21957
230.22513,230.38513,230.11717,230.25706
230.20276,230.36266,230.09486,230.23473
230.14326,230.30328,230.0355,230.17549
230.0156,230.17593,229.90814,230.0484
229.89856,230.05937,229.79132,229.93193
229.81981,229.98103,229.71268,229.85353
229.44226,229.60435,229.336,229.47755
229.18315,229.34651,229.07727,229.21971
228.9489,229.11339,228.84337,228.98651
228.80313,228.96849,228.69766,228.84134
228.66577,228.8318,228.56035,228.70444
228.51945,228.68613,228.41408,228.55862
228.4426,228.60983,228.33707,228.482
228.36604,228.53369,228.2604,228.40565
228.2952,228.46323,228.18947,228.33502
228.22446,228.39287,228.11865,228.26453
228.12448,228.2933,228.01869,228.16492
228.0445,228.21378,227.93869,228.08528
227.94452,228.11424,227.83876,227.98572
227.8697,228.03987,227.76393,227.91124
227.83025,228.00075,227.72437,227.87195
227.84843,228.01907,227.74234,227.88998
227.88382,228.05438,227.77747,227.92511
227.92264,228.09306,227.81607,227.96365
227.92796,228.09827,227.8213,227.96887
227.90633,228.07664,227.79967,227.9473
227.86528,228.03572,227.7587,227.90646
227.8326,228.00319,227.72603,227.87393
227.80714,227.97787,227.7006,227.84862
227.8099,227.98068,227.70332,227.85135
227.79532,227.96611,227.68874,227.83679
227.79533,227.96616,227.68872,227.83679
227.78877,227.95963,227.68214,227.83025
227.77522,227.94612,227.66861,227.81676
227.73169,227.9027,227.62517,227.77339
227.69,227.8612,227.58354,227.73192
227.6372,227.80862,227.53084,227.6794
227.58954,227.76122,227.48326,227.63197
227.55707,227.72894,227.45079,227.59966
227.51443,227.68651,227.4082,227.5572
227.50046,227.6727,227.3942,227.5433
227.48953,227.66188,227.38324,227.5324
227.49539,227.6678,227.38902,227.53824
227.52238,227.69473,227.41585,227.56505
227.56427,227.7365,227.45761,227.60672
227.5813,227.75339,227.47456,227.6236
227.59346,227.76547,227.4867,227.6357
227.60515,227.77708,227.49834,227.64732
227.61815,227.79001,227.51134,227.66026
227.66115,227.83289,227.55423,227.7031
227.70415,227.87567,227.59715,227.74586
227.72987,227.90123,227.62286,227.77144
227.76251,227.9337,227.65546,227.80392
227.78566,227.95668,227.6786,227.82697
227.80367,227.97458,227.69662,227.84491
227.8057,227.97652,227.6987,227.84692
227.79097,227.96178,227.68408,227.83229
227.76707,227.93793,227.66025,227.8085
227.74959,227.92053,227.64284,227.79114
227.7387,227.90971,227.632,227.78032
227.74442,227.91544,227.6377,227.78601
227.76637,227.93735,227.6596,227.80788
227.79285,227.96376,227.68604,227.83421
227.80713,227.97792,227.70029,227.8484
227.81975,227.99046,227.71288,227.86095
227.8189,227.98958,227.71205,227.8601
227.77853,227.9493,227.67181,227.81993
227.72746,227.8984,227.62088,227.76915
227.71034,227.88147,227.60378,227.75215
227.73753,227.90869,227.63087,227.77924
227.80188,227.97287,227.69507,227.84328
227.84644,228.01718,227.73952,227.88754
227.89317,228.0637,227.78616,227.93405
227.91919,228.08954,227.81212,227.95992
227.93275,228.10298,227.82568,227.97342
227.95386,228.124,227.84677,227.99445
228.04253,228.21243,227.93527,228.08275
228.12917,228.29866,228.02176,228.16895
228.18214,228.35129,228.07469,228.22165
228.17387,228.34282,228.06654,228.21338
228.1467,228.31566,228.0395,228.18639
228.09102,228.26012,227.98404,228.13101
228.05318,228.22247,227.94635,228.09343
228.02223,228.19168,227.91551,228.06267
227.99619,228.16577,227.88954,228.03674
227.95778,228.1275,227.85121,227.9985
227.9264,228.09631,227.8199,227.9673
227.89185,228.06194,227.78539,227.9329
227.89734,228.06752,227.7908,227.93837
227.90631,228.0765,227.79971,227.94728
227.93198,228.10214,227.82527,227.97281
227.98262,228.15265,227.87576,228.02321
228.008,228.17784,227.90108,228.04843
228.00252,228.1723,227.8956,228.04295
227.96945,228.1393,227.86266,228.01006
227.92056,228.09058,227.81387,227.96143
227.8693,228.03952,227.76271,227.91042
227.81747,227.98795,227.71103,227.85889
227.82137,227.99199,227.71486,227.86278
227.91978,228.09026,227.81297,227.96075
228.049,228.21902,227.94186,228.08928
228.16908,228.33858,228.06169,228.20874
228.20328,228.37233,228.09586,228.24268
228.2137,228.38255,228.10632,228.25305
228.1761,228.34496,228.06888,228.21565
228.15051,228.31947,228.04343,228.19028
228.10861,228.27771,228.0017,228.14862
228.10068,228.26985,227.9938,228.14076
228.08391,228.25316,227.97711,228.12407
228.07933,228.2486,227.97253,228.1195
228.081,228.25027,227.9742,228.12115
228.12831,228.29753,228.02138,228.16826
228.17065,228.33968,228.06363,228.21037
228.2487,228.41748,228.14151,228.28807
228.30292,228.4714,228.19563,228.342
228.35406,228.52228,228.24669,228.39288
228.40273,228.57071,228.29529,228.44133
228.41647,228.58427,228.3091,228.45503
228.45352,228.62119,228.34613,228.49196
228.4941,228.66156,228.38667,228.53236
228.52371,228.691,228.41628,228.56184
228.57222,228.73932,228.46477,228.61015
228.5744,228.74135,228.46703,228.61232
228.55653,228.7235,228.44928,228.59457
228.57281,228.73978,228.46556,228.61084
228.59262,228.7595,228.48538,228.63057
228.64479,228.81152,228.53746,228.68253
228.62125,228.78787,228.51402,228.65906
228.63062,228.79727,228.52342,228.66843
228.6554,228.82199,228.54817,228.69313
228.71117,228.87761,228.60385,228.74867
228.76057,228.9268,228.65318,228.79782
228.84647,229.0124,228.73889,228.88333
228.92877,229.09435,228.82108,228.96526
228.91568,229.08105,228.8081,228.95218
228.88817,229.05356,228.78072,228.92485
228.8419,229.00742,228.73463,228.87886
228.79,228.9557,228.68289,228.82722
228.78513,228.95097,228.67805,228.82245
228.8475,229.01329,228.74028,228.88457
228.98763,229.15306,228.88008,229.02406
229.08311,229.24806,228.9754,229.11903
229.23186,229.39627,229.12384,229.2671
229.32812,229.492,229.22,229.36292
229.4133,229.57675,229.30508,229.44774
229.47974,229.64285,229.37152,229.51395
229.489,229.65187,229.38089,229.5232
229.48535,229.64816,229.3774,229.51965
229.4232,229.5861,229.3155,229.45784
229.3352,229.49835,229.22778,229.3703
229.2434,229.40689,229.13622,229.27895
229.20354,229.36734,229.09647,229.23933
229.14035,229.3044,229.03343,229.17642
229.08723,229.25153,228.98038,229.12352
229.03482,229.19936,228.92804,229.07132
229.02098,229.1857,228.91414,229.05753
228.9743,229.13918,228.86751,229.01102
228.91399,229.07907,228.80725,228.95093
228.85593,229.0213,228.74925,228.89313
228.78168,228.94736,228.67511,228.81921
228.74469,228.91064,228.63809,228.7824
228.70287,228.86903,228.59628,228.74072
228.6989,228.8652,228.59222,228.73674
228.68535,228.85175,228.57864,228.72322
228.66708,228.83353,228.56032,228.70499
228.64905,228.8156,228.54228,228.68701
228.65233,228.81892,228.54547,228.69026
228.6721,228.83868,228.56514,228.70993
228.7162,228.88264,228.6091,228.75381
228.7791,228.94534,228.67183,228.81639
228.85995,229.0259,228.75249,228.89687
228.92343,229.08905,228.81586,228.96002
228.9901,229.15541,228.88242,229.02638
229.04866,229.21368,228.94092,229.08469
229.13768,229.30237,229.02979,229.17334
229.22725,229.39156,229.11926,229.26254
229.34775,229.51158,229.23958,229.38252
229.4283,229.59169,229.32008,229.46272
229.44872,229.61182,229.34062,229.48308
229.40146,229.56453,229.29361,229.43607
229.38177,229.54495,229.27405,229.41658
229.36476,229.528,229.25716,229.3997
229.35242,229.51572,229.2449,229.38745
229.29208,229.4555,229.18477,229.32738
229.28055,229.44412,229.17326,229.31593
229.2435,229.40718,229.13632,229.27905
229.22792,229.39172,229.12076,229.26355
229.26482,229.42862,229.15753,229.30028
229.30606,229.46973,229.19867,229.34132
229.30354,229.46713,229.19617,229.33878
229.28572,229.44931,229.17839,229.32101
229.23985,229.40356,229.13261,229.27536
229.1784,229.34238,229.0713,229.21423
229.16017,229.32431,229.05307,229.1961
229.1251,229.28938,229.01808,229.1612
229.16412,229.32841,229.05695,229.20006
229.25137,229.41548,229.14397,229.28688
229.32173,229.48552,229.21416,229.35687
229.34836,229.51193,229.24075,229.38335
229.36156,229.525,229.25395,229.39647
229.40903,229.57236,229.30133,229.44379
229.44614,229.60928,229.33841,229.48074
229.50462,229.66757,229.3968,229.539
229.4997,229.6625,229.39195,229.53409
229.51244,229.67519,229.40472,229.5468
229.5078,229.67053,229.40015,229.54222
229.42128,229.58415,229.31389,229.45607
229.34714,229.5103,229.23991,229.38232
229.28075,229.44421,229.17368,229.31625
229.25021,229.4139,229.14316,229.28586
229.19539,229.35927,229.08844,229.23126
229.16634,229.3304,229.0594,229.20232
229.16136,229.32553,229.05437,229.19736
229.1677,229.3319,229.06062,229.20361
229.15018,229.31439,229.04309,229.18611
229.15274,229.31702,229.04562,229.18867
229.14862,229.31291,229.04147,229.18456
229.1616,229.32588,229.05437,229.19746
229.16159,229.32585,229.05435,229.19743
229.18007,229.3443,229.07277,229.21584
229.16159,229.32579,229.05432,229.1974
229.16385,229.3281,229.05655,229.19966
229.1092,229.27354,229.00204,229.14525
229.11577,229.2802,229.00856,229.15182
229.10886,229.27333,229.00168,229.14494
229.12737,229.2918,229.02011,229.16335
229.15196,229.31633,229.04466,229.18784
229.13545,229.29977,229.02817,229.17136
229.14702,229.31134,229.0397,229.18288
229.13367,229.298,229.0264,229.1696
229.11932,229.2837,229.01207,229.15532
229.09752,229.26198,228.99033,229.1336
229.04349,229.20808,228.93643,229.07982
229.0398,229.20451,228.9327,229.07616
229.05016,229.2149,228.94301,229.08649
229.06325,229.22797,228.95607,229.0995
229.08629,229.25093,228.97903,229.12242
229.09622,229.2608,228.98894,229.1323
229.10538,229.2699,228.99806,229.14137
229.11473,229.27922,229.0074,229.1507
229.12831,229.29276,229.02095,229.16423
229.08087,229.24536,228.97366,229.11699
229.00784,229.17253,228.90079,229.0443
228.95015,229.11511,228.84322,228.9869
228.88374,229.049,228.77695,228.9208
228.82219,228.98772,228.71548,228.85954
228.79951,228.96527,228.6928,228.83698
228.7527,228.91862,228.64603,228.79033
228.71542,228.88153,228.60875,228.75319
228.7063,228.87253,228.59956,228.74408
228.72594,228.89221,228.61911,228.76361
228.75037,228.91656,228.6434,228.78789
228.77866,228.94475,228.67157,228.816
228.8041,228.97008,228.69691,228.84131
228.7973,228.96323,228.69016,228.83452
228.8094,228.97531,228.70221,228.84657
228.82245,228.98831,228.71524,228.85957
228.8117,228.97755,228.70453,228.84886
228.81519,228.98103,228.708,228.85234
228.84183,229.00761,228.73457,228.87886
228.86139,229.02707,228.7541,228.89833
228.91351,229.07904,228.80612,228.95023
228.9709,229.13618,228.8634,229.00734
228.99689,229.16197,228.88937,229.03319
229.01506,229.18002,228.90755,229.05127
228.99219,229.15712,228.88478,229.02852
228.95995,229.12497,228.85266,228.99648
228.96545,229.13054,228.85817,229.002
228.9962,229.16122,228.88887,229.03264
228.99731,229.16228,228.89001,229.0337
228.99463,229.15956,228.88736,229.03104
228.98595,229.15091,228.87872,229.0224
229.00665,229.1716,228.89935,229.04303
229.03775,229.2026,228.9304,229.074
229.09743,229.2621,228.98994,229.1334
229.12886,229.29335,229.02135,229.16469
229.13303,229.29741,229.02556,229.16882
229.11783,229.28221,229.01044,229.15372
229.13797,229.30235,229.03055,229.17381
229.1516,229.31592,229.04417,229.18738
229.1579,229.32217,229.05049,229.19366
229.18524,229.34944,229.07777,229.2209
229.18906,229.35318,229.08162,229.2247
229.1576,229.32175,229.05028,229.19336
229.06596,229.23035,228.95888,229.10216
229.02473,229.18939,228.91772,229.06117
228.9252,229.09015,228.81842,228.96208
228.81331,228.97868,228.70674,228.85071
228.7239,228.88976,228.61746,228.76175
228.6584,228.82465,228.55202,228.69653
228.63176,228.79825,228.5253,228.66997
228.59435,228.761,228.48788,228.63266
228.56741,228.73425,228.46089,228.6058
228.54362,228.7106,228.43707,228.58209
228.5212,228.6883,228.4146,228.55974
228.48318,228.65045,228.3766,228.52187
228.46799,228.63538,228.36133,228.50671
228.45125,228.61873,228.34456,228.49002
228.44684,228.6144,228.34012,228.48563
228.4751,228.64264,228.36824,228.51375
228.51216,228.67958,228.40518,228.5506
228.57669,228.74388,228.46951,228.6148
228.63156,228.79851,228.52426,228.66939
228.67142,228.83812,228.56404,228.70901
228.7008,228.86734,228.59341,228.7383
228.70819,228.87459,228.60081,228.74564
228.74161,228.90791,228.63419,228.77895
228.76363,228.92978,228.65622,228.80087
228.79947,228.96548,228.69202,228.83656
228.81682,228.98268,228.7094,228.85384
228.84853,229.01427,228.74109,228.88542
228.82307,228.98877,228.71576,228.86008
228.83661,229.00232,228.72928,228.87361
228.81793,228.98364,228.7107,228.855
228.8082,228.97394,228.701,228.84534
228.79762,228.96341,228.69049,228.83482
228.82135,228.98714,228.71416,228.85847
228.84662,229.01231,228.73938,228.88362
228.84517,229.0108,228.73796,228.88216
228.82516,228.99083,228.71803,228.86224
228.79984,228.96559,228.69275,228.83704
228.67125,228.83731,228.5645,228.70903
228.53682,228.70341,228.43034,228.57529
228.38472,228.55196,228.27856,228.42392
228.24348,228.41139,228.13756,228.28339
228.12694,228.2955,228.02116,228.16737
228.04007,228.20917,227.93434,228.0809
227.99269,228.16217,227.88689,228.03368
227.9274,228.09718,227.82156,227.9686
227.89745,228.06752,227.7915,227.93875
227.84279,228.01312,227.73682,227.88428
227.79002,227.96065,227.68402,227.83173
227.72571,227.89664,227.61972,227.76768
227.65836,227.82964,227.55238,227.70062
227.59972,227.77132,227.49376,227.64226
227.53581,227.70775,227.42989,227.57864
227.48396,227.6562,227.37804,227.52702
227.43237,227.60489,227.32643,227.47565
227.37852,227.55135,227.2726,227.42204
227.33722,227.5103,227.23128,227.38092
227.31007,227.48335,227.20406,227.35388
227.31593,227.48933,227.2098,227.3597
227.31566,227.48907,227.20943,227.35936
227.33684,227.51024,227.23045,227.3804
227.33734,227.5107,227.2309,227.38086
227.32556,227.49893,227.2191,227.3691
227.28973,227.4632,227.18332,227.33342
227.24161,227.41525,227.13528,227.28552
227.2052,227.37906,227.09892,227.24933
227.16711,227.34116,227.0609,227.21143
227.15945,227.33362,227.05319,227.20381
227.12653,227.3008,227.02031,227.171
227.13167,227.30605,227.02539,227.17615
227.16212,227.33647,227.0557,227.20642
227.20311,227.37729,227.09654,227.2472
227.24269,227.41672,227.13602,227.28654
227.28113,227.45494,227.17433,227.32474
227.32124,227.49486,227.21436,227.36467
227.36078,227.5342,227.25383,227.40399
227.3928,227.56602,227.28584,227.43588
227.41794,227.59097,227.31094,227.46086
227.42355,227.59647,227.3166,227.46646
227.41763,227.5905,227.31076,227.46059
227.39996,227.57285,227.29318,227.44301
227.36996,227.54294,227.26332,227.41318
227.363,227.53604,227.25641,227.4063
227.3492,227.5223,227.24266,227.39256
227.33923,227.51237,227.2327,227.38263
227.30986,227.4831,227.2034,227.35341
227.3107,227.48402,227.20422,227.35426
227.30637,227.47972,227.19989,227.34993
227.3198,227.49316,227.21327,227.36331
227.36206,227.53534,227.25542,227.40538
227.4028,227.5759,227.29605,227.44589
227.44106,227.61395,227.33423,227.48395
227.47635,227.64906,227.36945,227.51906
227.48686,227.65942,227.37996,227.52948
227.48955,227.66208,227.38269,227.53218
227.47583,227.64835,227.36903,227.51855
227.46637,227.63892,227.35965,227.50917
227.46892,227.64146,227.3622,227.5117
227.46391,227.63646,227.35724,227.50674
227.46379,227.63635,227.35713,227.50662
227.47809,227.6506,227.3714,227.52084
227.51762,227.69005,227.41083,227.56021
227.58023,227.75243,227.47328,227.62248
227.58992,227.76193,227.48302,227.6321
227.5839,227.75584,227.47704,227.6261
227.54605,227.71808,227.43932,227.58846
227.51048,227.68268,227.40387,227.55312
227.4891,227.66142,227.38255,227.53186
227.51598,227.68832,227.40935,227.55864
227.54523,227.71745,227.43852,227.58772
227.57643,227.74852,227.46967,227.61874
227.5837,227.75568,227.47691,227.62595
227.58926,227.7612,227.48247,227.63148
227.51874,227.6908,227.41216,227.56128
227.4423,227.61467,227.3359,227.48528
227.34976,227.52254,227.2436,227.39325
227.27763,227.4508,227.1716,227.32149
227.22263,227.39615,227.11667,227.26677
227.22432,227.39804,227.11826,227.26846
227.27821,227.45189,227.17192,227.32207
227.38042,227.55382,227.27379,227.42372
227.49286,227.66577,227.38591,227.53554
227.59123,227.76367,227.48404,227.63338
227.65135,227.82336,227.54405,227.69315
227.68417,227.85591,227.57689,227.72581
227.73991,227.9114,227.63255,227.78133
227.8075,227.97867,227.70007,227.84863
227.89828,228.06906,227.79074,227.93901
227.98347,228.1538,227.87585,228.02377
228.0122,228.18217,227.90468,228.05235
228.01744,228.18723,227.91,228.05757
228.0043,228.17404,227.89703,228.04456
227.97606,228.14581,227.86896,228.01648
227.97888,228.1487,227.87186,228.01938
227.98444,228.1542,227.87744,228.02489
228.01884,228.18852,227.91182,228.05916
228.04588,228.21544,227.93884,228.08607
228.0529,228.22235,227.94588,228.09303
228.05809,228.22751,227.95111,228.09822
228.03633,228.20576,227.92943,228.07657
228.02586,228.19539,227.919,228.06621
227.99886,228.16847,227.8921,228.03934
227.99565,228.16534,227.8889,228.03618
227.97147,228.14122,227.86478,228.0121
227.95526,228.12512,227.8486,227.99599
227.94304,228.11298,227.83638,227.98381
227.90141,228.07149,227.79486,227.9424
227.85205,228.02232,227.74557,227.89326
227.78026,227.95084,227.67395,227.82184
227.69049,227.86143,227.5843,227.7325
227.6135,227.78487,227.50745,227.6559
227.55295,227.72469,227.44696,227.59566
227.51158,227.68361,227.4056,227.55447
227.48955,227.6618,227.38351,227.53253
227.47664,227.64902,227.3705,227.51964
227.46796,227.64043,227.36174,227.51097
227.46545,227.63802,227.35918,227.50845
227.43967,227.61227,227.33334,227.48273
227.40665,227.57942,227.30037,227.44987
227.35056,227.52354,227.24434,227.39403
227.31917,227.49239,227.21297,227.36282
227.31313,227.48648,227.20686,227.35681
227.33717,227.51053,227.23079,227.38074
227.35669,227.52998,227.2502,227.40012
227.35056,227.52377,227.24403,227.39395
227.3227,227.49597,227.2162,227.3662
227.30252,227.47594,227.19608,227.34616
227.31172,227.48518,227.20523,227.35535
227.35406,227.52742,227.24745,227.39748
227.41934,227.59248,227.31255,227.4624
227.49306,227.66588,227.38608,227.53572
227.55142,227.7239,227.44434,227.59375
227.58815,227.76036,227.48102,227.6303
227.59282,227.76486,227.48575,227.63492
227.58365,227.75565,227.47667,227.62582
227.55931,227.73134,227.45245,227.60162
227.56947,227.74152,227.46263,227.61179
227.55609,227.72812,227.44933,227.59846
227.53333,227.70541,227.42667,227.57582
227.49629,227.6685,227.38974,227.53899
227.44254,227.61494,227.3361,227.48549
227.39062,227.56328,227.28432,227.43385
227.32991,227.50287,227.22374,227.37346
227.27597,227.4492,227.16986,227.3198
227.23274,227.40627,227.12668,227.27678
227.20042,227.37416,227.09436,227.24461
227.1694,227.34334,227.06332,227.21373
227.13437,227.3085,227.0283,227.17885
227.09105,227.26541,226.98502,227.13571
227.07744,227.25198,226.97134,227.1222
227.07347,227.24814,226.96733,227.11824
227.09232,227.267,226.98604,227.13698
227.10808,227.2827,227.00171,227.15263
227.1255,227.30006,227.01903,227.16992
227.14839,227.32285,227.04182,227.19267
227.16618,227.34055,227.05956,227.21037
227.1889,227.36316,227.08221,227.23297
227.214,227.38814,227.10727,227.25795
227.21844,227.39249,227.11171,227.26234
227.22334,227.39734,227.11662,227.26723
227.20992,227.3839,227.10326,227.25386
227.18687,227.3609,227.0803,227.23094
227.17479,227.34889,227.06825,227.21895
227.166,227.34013,227.05948,227.21019
227.17381,227.34798,227.06729,227.21799
227.19795,227.37207,227.09137,227.24202
227.21957,227.39357,227.11293,227.2635
227.2445,227.4184,227.13782,227.28831
227.26837,227.44212,227.16164,227.31204
227.27081,227.44449,227.16408,227.31444
227.26706,227.44072,227.16037,227.31071
227.25302,227.42671,227.1464,227.29677
227.2649,227.43857,227.15823,227.30861
227.28635,227.45996,227.17964,227.32997
227.32603,227.49953,227.21927,227.36946
227.36081,227.53413,227.25398,227.40407
227.4006,227.57372,227.2937,227.44365
227.44014,227.61307,227.33318,227.48297
227.47217,227.6449,227.36519,227.51486
227.47993,227.65253,227.37297,227.52257
227.48404,227.65657,227.37712,227.52667
227.47171,227.64423,227.36488,227.51442
227.45193,227.6245,227.34521,227.49477
227.44095,227.61357,227.33427,227.48384
227.44455,227.61719,227.33789,227.48746
227.44571,227.61833,227.33907,227.4886
227.44994,227.62254,227.34328,227.4928
227.4563,227.62888,227.34962,227.49913
227.45319,227.6258,227.34654,227.49605
227.45163,227.62422,227.34499,227.49449
227.44336,227.616,227.33676,227.48628
227.45416,227.6268,227.34752,227.49704
227.4706,227.64319,227.3639,227.5134
227.4864,227.65892,227.3797,227.52911
227.48822,227.66069,227.38153,227.53091
227.47737,227.64984,227.3707,227.52011
227.46814,227.64064,227.3615,227.51093
227.45908,227.63164,227.35248,227.50194
227.45953,227.63213,227.35292,227.50241
227.48422,227.65675,227.37752,227.52698
227.52248,227.69489,227.41571,227.56505
227.5421,227.71436,227.4353,227.58453
227.54941,227.7216,227.44261,227.5918
227.55884,227.73097,227.45203,227.60121
227.59964,227.77167,227.49275,227.64183
227.6391,227.81094,227.53215,227.68109
227.67374,227.84538,227.56674,227.71556
227.68512,227.85663,227.57814,227.72687
227.67256,227.84402,227.56564,227.71437
227.64851,227.82002,227.54172,227.69048
227.62021,227.79182,227.5135,227.66232
227.60626,227.77795,227.4996,227.64845
227.60779,227.77953,227.50113,227.65
227.62544,227.79716,227.51875,227.66759
227.66808,227.83968,227.56128,227.70998
227.71724,227.88864,227.6103,227.75888
227.7671,227.93828,227.66008,227.8085
227.81042,227.98137,227.70334,227.85161
227.83037,228.00114,227.72328,227.87144
227.83374,228.00443,227.72668,227.8748
227.82921,227.99986,227.72224,227.87035
227.81714,227.98782,227.71024,227.85835
227.81189,227.98259,227.70505,227.85315
227.80283,227.97353,227.69603,227.84412
227.8029,227.97365,227.69612,227.84422
227.80182,227.97255,227.69507,227.84315
227.81258,227.98329,227.70581,227.85387
227.82686,227.99753,227.72005,227.86807
227.84537,228.01595,227.73851,227.88649
227.89139,228.06184,227.78442,227.93228
227.87773,228.04811,227.77084,227.91867
227.86583,228.03624,227.759,227.90686
227.78056,227.95116,227.67397,227.82198
227.7061,227.87704,227.59967,227.74792
227.61812,227.78946,227.5119,227.66042
227.55173,227.72343,227.44563,227.59438
227.50703,227.67906,227.40097,227.5499
227.492,227.66423,227.3859,227.53494
227.4892,227.66151,227.38298,227.5321
227.51146,227.68379,227.40512,227.55424
227.54172,227.71396,227.43521,227.58429
227.57368,227.74582,227.46704,227.61607
227.58484,227.75688,227.47816,227.62715
227.59004,227.76204,227.48332,227.63231
227.58037,227.75238,227.47368,227.6227
227.56107,227.73311,227.45442,227.60349
227.52957,227.7017,227.42299,227.57214
227.50536,227.67761,227.39883,227.54805
227.47777,227.65015,227.3713,227.52063
227.45528,227.62778,227.34885,227.49823
227.42448,227.5971,227.31808,227.46758
227.4018,227.57455,227.29544,227.445
227.3864,227.55928,227.28003,227.42967
227.37347,227.54645,227.26709,227.4168
227.36429,227.53731,227.25789,227.40765
227.36882,227.5419,227.26237,227.41217
227.38243,227.5555,227.27591,227.4257
227.3957,227.5687,227.28912,227.43887
227.38374,227.55675,227.27718,227.42694
227.36021,227.53328,227.2537,227.40353
227.32204,227.49525,227.21562,227.36555
227.28473,227.4581,227.17836,227.32843
227.25668,227.43024,227.15036,227.30054
227.24033,227.414,227.134,227.28427
227.22868,227.40244,227.12234,227.27267
227.21756,227.39139,227.11122,227.26158
227.20969,227.38358,227.10332,227.25375
227.21823,227.39214,227.11179,227.26224
227.23651,227.4104,227.13,227.28043
227.26198,227.43579,227.1554,227.30577
227.28612,227.4598,227.17946,227.32974
227.30502,227.4786,227.19832,227.34856
227.32117,227.49464,227.21443,227.36461
227.33453,227.50792,227.22777,227.37791
227.34465,227.51797,227.23788,227.38797
227.35101,227.52426,227.24425,227.3943
227.35875,227.53197,227.25201,227.40202
227.36798,227.54114,227.26123,227.41121
227.38809,227.56117,227.28133,227.43123
227.42677,227.59972,227.31992,227.46973
227.4753,227.64803,227.36836,227.518
227.52007,227.69257,227.41307,227.56253
227.58307,227.7553,227.47594,227.62523
227.67047,227.84236,227.5632,227.71223
227.75133,227.92279,227.64394,227.79268
227.80653,227.97763,227.69911,227.84761
227.82776,227.99861,227.7204,227.86874
227.83176,228.00247,227.72449,227.87276
227.87589,228.04646,227.76862,227.91673
227.9068,228.0772,227.79955,227.94753
227.9535,228.12369,227.84624,227.99403
227.99023,228.16019,227.88297,228.03058
228.0102,228.17998,227.90295,228.05045
228.02444,228.19412,227.91727,228.06465
228.03323,228.20284,227.9261,228.07344
228.03258,228.20215,227.9255,228.0728
228.05316,228.22266,227.94609,228.09332
228.06168,228.2311,227.95464,228.10179
228.05563,228.22504,227.94867,228.0958
228.05325,228.22266,227.94632,228.09343
228.05878,228.22818,227.95186,228.09897
228.04974,228.21915,227.94287,228.08997
228.02937,228.19885,227.92258,228.0697
228.00337,228.17296,227.89664,228.04384
227.98703,228.15671,227.88033,228.0276
227.96706,228.13686,227.8604,228.00774
227.96439,228.13425,227.85771,228.00508
227.96268,228.13257,227.85599,228.00339
227.98781,228.15768,227.88103,228.0284
228.0234,228.19318,227.91653,228.06381
228.06325,228.23283,227.95627,228.10342
228.09761,228.26703,227.99055,228.13762
228.10724,228.27655,228.0002,228.14719
228.08745,228.25674,227.98048,228.12749
228.07245,228.2418,227.96555,228.1126
228.05801,228.22743,227.95116,228.09825
228.02661,228.19612,227.91986,228.06702
227.99437,228.16402,227.88768,228.03494
227.95564,228.12544,227.84906,227.9964
227.9322,228.10216,227.82564,227.97308
227.9231,228.09315,227.81654,227.96404
227.93013,228.10022,227.8235,227.97101
227.95119,228.12126,227.84448,227.99196
227.96783,228.13782,227.86105,228.00848
227.99149,228.16138,227.88463,228.03201
228.01248,228.18228,227.90558,228.05289
228.0468,228.21649,227.93982,228.08705
228.0658,228.23534,227.95877,228.10594
228.11699,228.28639,228.00987,228.15692
228.16687,228.33601,228.05966,228.20656
228.22964,228.39854,228.12233,228.26904
228.25323,228.4219,228.14595,228.2925
228.26321,228.43175,228.15594,228.30244
228.2483,228.41681,228.14114,228.28761
228.21506,228.38364,228.10803,228.25456
228.19284,228.36153,228.0859,228.2325
228.17911,228.34787,228.07224,228.21884
228.15106,228.31992,228.04428,228.19093
228.12927,228.29822,228.02252,228.16924
228.09846,228.26753,227.99179,228.13858
228.07294,228.24214,227.9663,228.11317
228.05783,228.22717,227.9512,228.09816
228.02242,228.19186,227.91585,228.06288
228.03613,228.20567,227.92947,228.07657
228.08627,228.25574,227.97946,228.12648
228.06187,228.23128,227.95512,228.10211
228.05347,228.22293,227.9467,228.09378
228.02748,228.19704,227.92078,228.06792
228.03697,228.20659,227.93022,228.0774
228.05194,228.22151,227.94513,228.09227
228.11624,228.28566,228.00926,228.15628
228.21968,228.38878,228.11246,228.25922
228.33463,228.50325,228.22716,228.3736
228.43103,228.59915,228.3234,228.4695
228.50465,228.67235,228.39694,228.54279
228.54585,228.71324,228.43816,228.58382
228.62546,228.79253,228.51767,228.6631
228.65776,228.82452,228.55002,228.69525
228.61803,228.7847,228.51051,228.6557
228.57227,228.73907,228.46498,228.61024
228.52895,228.69592,228.42183,228.56718
228.51282,228.6799,228.40578,228.55118
228.47806,228.64525,228.37112,228.51657
228.43967,228.607,228.33286,228.47836
228.43706,228.60452,228.33023,228.4758
228.48058,228.64801,228.37361,228.51912
228.51387,228.68117,228.40685,228.55223
228.52287,228.69008,228.41583,228.56116
228.57552,228.7426,228.46832,228.61357
228.6342,228.80107,228.5269,228.672
228.70074,228.86734,228.59329,228.73822
228.71536,228.88174,228.60794,228.75275
228.73016,228.89645,228.62276,228.76752
228.69002,228.85632,228.58278,228.72757
228.65541,228.82185,228.5483,228.69316
228.63342,228.79999,228.52638,228.67133
228.63048,228.79709,228.52344,228.66841
228.65137,228.81796,228.5443,228.6892
228.65306,228.81961,228.54599,228.69086
228.66345,228.82997,228.55638,228.7012
228.65204,228.81856,228.54498,228.68982
228.6514,228.81792,228.54433,228.68918
228.63776,228.80432,228.53073,228.67561
228.6128,228.77943,228.50583,228.65076
228.60031,228.76704,228.49336,228.63837
228.56104,228.72787,228.45418,228.59926
228.53458,228.70155,228.42775,228.57292
228.51158,228.67871,228.40479,228.55006
228.48477,228.65201,228.378,228.52335
228.46545,228.6328,228.35867,228.5041
228.42018,228.58768,228.31349,228.45903
228.3731,228.5408,228.26648,228.41217
228.32526,228.4932,228.2187,228.36456
228.27914,228.44731,228.17264,228.31865
228.23822,228.40659,228.13173,228.2779
228.19612,228.36472,228.08969,228.23598
228.15147,228.32028,228.04506,228.19153
228.1161,228.28511,228.0097,228.15631
228.0745,228.2437,227.96811,228.11487
228.03773,228.20714,227.93137,228.07826
228.01108,228.18066,227.90468,228.05171
227.99199,228.16171,227.88557,228.0327
227.97173,228.14156,227.86526,228.0125
227.95105,228.12099,227.84457,227.99191
227.94492,228.11494,227.83838,227.9858
227.92697,228.09706,227.82042,227.9679
227.91504,228.0852,227.80847,227.95601
227.90767,228.0779,227.80106,227.94865
227.91035,228.0806,227.80371,227.95132
227.91856,228.08879,227.81187,227.95949
227.94145,228.11163,227.83467,227.98225
227.94919,228.11928,227.84236,227.9899
227.98024,228.15024,227.87332,228.02081
227.99506,228.16495,227.88812,228.03554
228.00558,228.1754,227.89862,228.046
228.01143,228.1812,227.9045,228.05183
228.0099,228.17964,227.90298,228.05031
228.00183,228.17155,227.89494,228.0423
227.97575,228.14555,227.86896,228.01634
227.97716,228.14702,227.87036,228.01778
227.98943,228.15926,227.8826,228.02997
228.02725,228.19698,227.92032,228.06763
228.06029,228.22987,227.95331,228.10048
228.09285,228.26227,227.98581,228.13287
228.13695,228.3062,228.02982,228.17677
228.1505,228.31958,228.04338,228.19023
228.14748,228.31651,228.0404,228.18723
228.13147,228.30054,228.02449,228.17134
228.10173,228.27086,227.99484,228.14175
228.09056,228.25978,227.98372,228.13068
228.0797,228.24896,227.97289,228.11986
228.0609,228.23024,227.95415,228.10115
228.04607,228.21548,227.93935,228.0864
228.0424,228.21187,227.93567,228.08273
228.03386,228.20338,227.92714,228.07425
228.06406,228.23357,227.95726,228.10432
228.11076,228.28012,228.00381,228.15079
228.16711,228.33626,228.06003,228.20685
228.21704,228.38593,228.10985,228.2565
228.25078,228.41946,228.14354,228.29007
228.26262,228.43117,228.15541,228.30186
228.2567,228.42522,228.14957,228.296
228.239,228.40752,228.13194,228.2784
228.22513,228.39369,228.11813,228.26463
228.21318,228.3818,228.10623,228.25275
228.2106,228.37926,228.1037,228.2502
228.20659,228.37526,228.0997,228.24622
228.1937,228.3624,228.08684,228.23335
228.19136,228.3601,228.0845,228.23106
228.18341,228.35217,228.07658,228.22314
228.16692,228.33572,228.0601,228.20671
228.13045,228.29938,228.02374,228.17043
228.09521,228.26431,227.98856,228.13536
228.06824,228.23747,227.96162,228.10852
228.06093,228.23027,227.9543,228.10126
228.03981,228.20924,227.93321,228.08023
228.02826,228.1978,227.92165,228.06873
228.00073,228.17036,227.89413,228.04129
227.97534,228.14511,227.86879,228.01604
227.95686,228.12674,227.8503,227.99763
227.92416,228.09416,227.81763,227.96507
227.8809,228.05109,227.77443,227.92203
227.57713,227.74811,227.47145,227.61969
227.1386,227.31131,227.03395,227.18347
226.64064,226.81561,226.53706,226.6882
226.19981,226.3772,226.09703,226.24977
225.8632,226.04272,225.76082,225.91492
225.635,225.81621,225.53262,225.6878
225.50162,225.68413,225.39897,225.555
225.44142,225.62479,225.33827,225.49493
225.46289,225.64674,225.35909,225.51614
225.52135,225.7053,225.41687,225.57413
225.58987,225.77377,225.4848,225.64218
225.66046,225.84416,225.55487,225.71228
225.73099,225.91443,225.62498,225.78236
225.78255,225.9657,225.67628,225.83359
225.80092,225.98383,225.69453,225.85179
225.79076,225.97354,225.68434,225.84164
225.76793,225.95071,225.66159,225.81895
225.75749,225.94028,225.65121,225.80858
225.77794,225.96066,225.67163,225.82895
225.83192,226.0144,225.72546,225.88263
225.90334,226.0855,225.79672,225.95366
225.95967,226.14143,225.85297,226.00963
226.02441,226.20583,225.91762,226.07404
226.09012,226.27113,225.98322,226.13936
226.13983,226.32048,226.03288,226.18878
226.15898,226.33936,226.05211,226.20781
226.15175,226.332,226.04501,226.20064
226.14238,226.32262,226.03578,226.19135
226.15166,226.33183,226.0451,226.20062
226.19612,226.37614,226.08952,226.24489
226.25967,226.43944,226.15297,226.30809
226.33531,226.5147,226.22847,226.38333
226.40636,226.58536,226.29941,226.454
226.46089,226.63954,226.35391,226.50822
226.52849,226.70677,226.42143,226.5755
226.60141,226.77931,226.49426,226.64806
226.67714,226.85461,226.56993,226.7234
226.73471,226.91179,226.62749,226.78067
226.82841,227.00508,226.72108,226.87395
226.93164,227.10776,226.82417,226.97665
227.04999,227.22554,226.94241,227.09444
227.16664,227.34155,227.05893,227.2105
227.30109,227.47531,227.19322,227.34428
227.41122,227.58478,227.3033,227.45387
227.49539,227.66837,227.3875,227.53764
227.52351,227.69606,227.41576,227.56561
227.5232,227.69556,227.41565,227.56537
227.50438,227.67668,227.39708,227.54672
227.46214,227.6345,227.3551,227.50473
227.39442,227.56699,227.28769,227.43741
227.32654,227.49939,227.22005,227.36992
227.26375,227.43692,227.15744,227.30748
227.23125,227.4047,227.12503,227.27519
227.22572,227.39932,227.11949,227.2697
227.21689,227.39055,227.11063,227.2609
227.21861,227.39236,227.1123,227.2626
227.18364,227.35753,227.0774,227.22778
227.1438,227.31787,227.0376,227.18814
227.10274,227.27704,226.99658,227.1473
227.07654,227.25105,226.97038,227.12126
227.08063,227.25525,226.9744,227.12534
227.11781,227.2924,227.01144,227.16234
227.1981,227.37248,227.09148,227.24222
227.27118,227.4452,227.16434,227.31487
227.32307,227.49678,227.21613,227.36646
227.33546,227.50897,227.22852,227.37877
227.31432,227.4878,227.20747,227.35774
227.31503,227.48853,227.20822,227.35849
227.33636,227.5098,227.22955,227.37976
227.39014,227.56339,227.28322,227.43329
227.43697,227.60994,227.32999,227.47984
227.52756,227.70023,227.42041,227.57
227.54991,227.72224,227.44278,227.59218
227.59184,227.76398,227.48466,227.63393
227.57439,227.7464,227.46736,227.61656
227.58533,227.75731,227.47833,227.62749
227.56601,227.73798,227.45914,227.60828
227.59024,227.76219,227.48335,227.63246
227.61325,227.7851,227.50636,227.65535
227.68506,227.85669,227.578,227.72684
227.72792,227.89928,227.62085,227.76945
227.76999,227.94113,227.66286,227.81133
227.73837,227.90945,227.63141,227.77985
227.69485,227.86603,227.58803,227.73656
227.67223,227.84357,227.5655,227.71413
227.65465,227.8261,227.548,227.69667
227.71063,227.88202,227.60384,227.75241
227.71889,227.89015,227.6121,227.76057
227.72246,227.89368,227.61568,227.76413
227.67415,227.84544,227.5675,227.71603
227.60063,227.77216,227.49416,227.64287
227.52246,227.69434,227.41615,227.56512
227.46016,227.6324,227.35399,227.50316
227.4255,227.59802,227.31937,227.4687
227.46422,227.6368,227.35788,227.50725
227.56387,227.73624,227.45723,227.60638
227.70056,227.87245,227.59355,227.74237
227.89603,228.06718,227.78851,227.93683
228.06488,228.23521,227.95703,228.1048
228.25162,228.42111,228.14343,228.29065
228.32697,228.49573,228.21878,228.36559
228.39235,228.56065,228.2842,228.43071
228.40352,228.57153,228.29555,228.4419
228.42303,228.59088,228.3152,228.46141
228.44954,228.6172,228.34181,228.48785
228.45148,228.619,228.34392,228.48984
228.50922,228.6766,228.40164,228.54738
228.88593,229.05254,228.77753,228.92253
229.14789,229.31322,229.03912,229.18318
229.33868,229.50291,229.2297,229.37303
230.17154,230.33385,230.06078,230.20256
230.55835,230.71835,230.44734,230.58752
230.66016,230.81882,230.54947,230.68895
230.53264,230.691,230.42273,230.56223
230.39658,230.55528,230.28737,230.42714
230.1289,230.28833,230.02063,230.16092
230.02104,230.18118,229.91316,230.05377
229.96436,230.1249,229.85672,229.99742
229.99518,230.1558,229.8875,230.02808
230.04948,230.20996,229.94173,230.08208
230.32518,230.48506,230.21675,230.35655
230.3401,230.49948,230.23181,230.37126
230.3465,230.5057,230.23824,230.37764
230.46257,230.6216,230.35408,230.49335
230.5851,230.74377,230.47646,230.61545
230.8991,231.05699,230.78981,230.92819
231.24286,231.39966,231.13301,231.27057
231.49402,231.64972,231.3839,231.52072
232.28508,232.43895,232.17342,232.30884
232.83583,232.98763,232.72353,232.85753
233.6726,233.82205,233.55905,233.6914
233.47421,233.62286,233.36197,233.49422
233.55142,233.69998,233.43942,233.57182
233.34871,233.4977,233.23761,233.37048
233.30359,233.4531,233.19283,233.326
233.14182,233.29185,233.03162,233.16508
233.2917,233.4418,233.18124,233.31451
233.15364,233.30388,233.04362,233.17696
233.05202,233.20253,232.94225,233.07571
232.97061,233.12141,232.861,232.9946
232.6577,232.80916,232.54877,232.68286
232.6845,232.83633,232.57527,232.7095
233.1953,233.34634,233.08484,233.21819
233.20282,233.3532,233.09251,233.22545
233.16576,233.31595,233.05557,233.1885
233.16609,233.3163,233.05594,233.18895
232.65569,232.8068,232.54672,232.68065
232.55281,232.70483,232.44388,232.57834
232.79134,232.9433,232.68173,232.81592
232.81023,232.96185,232.7006,232.83449
232.90175,233.05307,232.79189,232.92552
232.95357,233.10458,232.8436,232.97707
233.44977,233.59984,233.33868,233.47136
233.55006,233.69937,233.43903,233.57127
233.74406,233.8928,233.63275,233.76471
233.43631,233.58534,233.32593,233.45836
233.39194,233.54144,233.28165,233.41444
233.22296,233.373,233.11308,233.24628
233.14752,233.29797,233.03777,233.17117
233.1068,233.25746,232.99707,233.13054
232.93588,233.08688,232.82648,232.96017
232.6007,232.75243,232.49193,232.6262
232.31499,232.46767,232.20663,232.34154
232.24089,232.39413,232.13245,232.26762
232.29552,232.4488,232.18675,232.32176
232.3982,232.55118,232.28908,232.42377
232.19429,232.34734,232.08557,232.22041
232.0013,232.15483,231.89287,232.02812
231.89583,232.04985,231.78746,231.92308
231.82759,231.98193,231.71921,231.85501
231.7716,231.92615,231.66322,231.79913
231.8217,231.97624,231.71307,231.8489
231.92984,232.0841,231.82089,231.9565
232.23087,232.38441,232.1212,232.25623
232.32767,232.48056,232.21791,232.35255
232.18422,232.33708,232.07487,232.2097
232.32811,232.4809,232.21841,232.3532
232.3062,232.45891,232.19667,232.33144
232.28285,232.43562,232.17345,232.30827
232.09087,232.24403,231.98193,232.11711
232.13124,232.28462,232.02216,232.15741
232.30792,232.46103,232.19843,232.33336
232.56947,232.72188,232.45944,232.59381
232.62622,232.7781,232.51624,232.65028
232.57114,232.72292,232.46136,232.59546
232.59999,232.75179,232.4902,232.62434
232.44237,232.59445,232.33302,232.46744
232.35043,232.50293,232.24127,232.37599
232.44276,232.59532,232.33336,232.468
232.32373,232.47641,232.21463,232.34938
232.32028,232.47305,232.2111,232.34589
232.73363,232.88574,232.62347,232.75758
232.8116,232.96304,232.70145,232.83514
233.03217,233.18298,232.9216,233.05489
233.03511,233.1856,232.92473,233.05792
232.83098,232.98178,232.72119,232.85475
232.75333,232.9046,232.6437,232.77763
232.59341,232.7452,232.48416,232.61845
232.63701,232.78897,232.52757,232.6619
232.76675,232.9185,232.65701,232.79105
232.93675,233.08801,232.82666,232.96027
233.27037,233.42078,233.15959,233.29254
233.23598,233.38593,233.12549,233.25826
233.1566,233.30664,233.04637,233.17935
232.87494,233.02559,232.7654,232.89896
232.86023,233.01138,232.75064,232.88448
232.74187,232.89337,232.63252,232.76659
232.76804,232.91966,232.65854,232.79257
232.88463,233.03604,232.77484,232.90862
232.92598,233.07712,232.81612,232.94968
232.98715,233.13806,232.87715,233.01057
232.92802,233.0789,232.81819,232.95166
233.07939,233.23009,232.96922,233.10252
233.2969,233.44708,233.18631,233.31921
233.334,233.48383,233.22346,233.35619
233.48433,233.63382,233.37355,233.50604
233.23784,233.38756,233.12775,233.26062
233.12631,233.27655,233.01646,233.1497
233.1471,233.29758,233.03716,233.1705
233.00485,233.15561,232.89525,233.02878
233.03683,233.1877,232.92706,233.0606
232.98375,233.13469,232.8741,233.00764
232.92407,233.07513,232.8145,232.94814
232.71951,232.87097,232.61034,232.7443
232.74966,232.90134,232.64027,232.7743
232.85852,233.01003,232.74883,232.88264
232.9266,233.07782,232.81674,232.95033
232.96173,233.11272,232.8518,232.98526
232.92029,233.07126,232.81049,232.94398
233.09056,233.24127,232.98035,233.11365
233.52586,233.67567,233.41476,233.5473
233.77493,233.9238,233.66353,233.79544
233.99944,234.14752,233.88776,234.01924
234.02052,234.16829,233.90906,234.04051
234.08965,234.23732,233.97823,234.1097
234.05992,234.20769,233.94873,234.08035
234.135,234.28276,234.02374,234.15536
234.51958,234.66673,234.4076,234.53865
234.63727,234.78387,234.52527,234.656
234.48065,234.62735,234.36919,234.50015
234.7252,234.87169,234.61325,234.744
234.68042,234.82686,234.56874,234.69955
234.92473,235.07086,234.81259,234.9431
235.1062,235.25186,234.99382,235.12404
235.35054,235.49565,235.23781,235.36766
234.9235,235.06912,234.81189,234.94238
234.7304,234.87679,234.61914,234.75021
234.79573,234.94243,234.68423,234.8154
234.73636,234.8832,234.62497,234.75616
234.75151,234.89836,234.64005,234.77116
234.7158,234.86264,234.60439,234.73547
234.7174,234.86423,234.60594,234.73698
234.74846,234.89519,234.6369,234.76787
234.64871,234.79556,234.53737,234.66846
234.39267,234.54001,234.28183,234.41336
234.14442,234.29248,234.034,234.16603
234.2782,234.42635,234.1673,234.2992
234.28844,234.43643,234.17747,234.30919
234.44429,234.59187,234.33293,234.46428
234.51558,234.66278,234.4041,234.5352
234.6058,234.7527,234.49419,234.62509
234.52441,234.67134,234.41304,234.54408
234.30243,234.4498,234.19154,234.32301
234.34808,234.49568,234.23701,234.36858
234.35411,234.50172,234.24301,234.37456
234.31937,234.46704,234.20833,234.33987
234.17123,234.31915,234.06052,234.19225
234.30705,234.45488,234.19594,234.32751
234.45328,234.60071,234.34186,234.47311
234.60898,234.75597,234.49727,234.6282
234.41113,234.55821,234.29996,234.43112
234.62575,234.77266,234.51408,234.64505
234.59569,234.74251,234.48418,234.61516
234.5535,234.70041,234.44212,234.57321
234.68117,234.82796,234.56952,234.70047
234.76967,234.91621,234.6579,234.78868
234.8609,235.0072,234.74901,234.87964
234.53253,234.6793,234.42143,234.55257
234.47989,234.62709,234.36879,234.50021
234.61,234.75716,234.49858,234.62984
234.71822,234.86508,234.60657,234.73756
234.3921,234.53935,234.28123,234.41261
234.28448,234.43217,234.1737,234.3054
234.44,234.58763,234.32878,234.4603
234.5029,234.65027,234.39156,234.52283
234.67311,234.82004,234.5614,234.69234
234.56837,234.71524,234.45699,234.58798
234.42464,234.5718,234.31354,234.44484
234.35112,234.4986,234.24014,234.37166
234.4057,234.55322,234.29453,234.42601
234.37509,234.52266,234.264,234.39548
234.24704,234.3948,234.1362,234.26785
234.21826,234.3662,234.10742,234.23915
234.2215,234.36943,234.11058,234.24228
234.22324,234.37114,234.11229,234.24394
234.1121,234.26018,234.00139,234.13318
233.95013,234.09857,233.8397,233.97177
233.68965,233.8387,233.57968,233.71222
233.66103,233.81044,233.55095,233.68364
233.5485,233.69815,233.43855,233.57137
233.77406,233.92342,233.66347,233.79588
233.91371,234.06253,233.80284,233.93481
233.91777,234.06627,233.80695,233.93877
233.9001,234.04852,233.78932,233.92117
234.03267,234.1809,233.92162,234.05334
234.11293,234.26091,234.00177,234.13336
234.2219,234.3696,234.11057,234.24197
234.57106,234.71808,234.45908,234.58995
234.61337,234.75998,234.50153,234.63223
234.63239,234.77887,234.52061,234.65135
234.44044,234.58733,234.32924,234.46037
234.34508,234.4924,234.23404,234.36554
234.27463,234.4223,234.16374,234.29544
234.49419,234.64163,234.38275,234.51411
234.65845,234.80539,234.54672,234.67769
234.67712,234.82379,234.56544,234.69626
234.64845,234.7951,234.53691,234.66779
234.72043,234.867,234.60875,234.7396
234.99474,235.14084,234.88254,235.01297
234.98627,235.13216,234.87424,235.00462
234.92728,235.07323,234.81543,234.94598
234.93207,235.07814,234.82027,234.95088
235.03572,235.18172,234.92372,235.05428
234.94249,235.08858,234.83075,234.96144
235.14561,235.29147,235.03343,235.16385
235.08534,235.23114,234.97337,235.10384
235.12593,235.2717,235.01389,235.14432
235.4028,235.54813,235.2902,235.42024
235.60843,235.75316,235.49551,235.6252
235.41965,235.56451,235.30731,235.43727
235.08026,235.22588,234.96867,235.09932
235.06375,235.20984,234.95206,235.08296
235.02043,235.16676,234.90877,235.03975
235.03357,235.1799,234.9218,235.0527
235.00716,235.15347,234.8954,235.02626
235.151,235.29703,235.03891,235.16946
235.36983,235.5153,235.25731,235.38742
235.665,235.80972,235.55196,235.68155
235.7172,235.86153,235.60423,235.73369
235.71872,235.86299,235.60588,235.73544
235.71231,235.85667,235.59956,235.7293
235.71648,235.86096,235.60378,235.73364
235.72841,235.87299,235.61574,235.74567
235.4826,235.62766,235.37047,235.50081
235.34082,235.48637,235.2289,235.35959
235.31662,235.46243,235.20464,235.33539
235.63899,235.78427,235.52623,235.65642
235.5982,235.74321,235.48564,235.61566
235.5161,235.66112,235.4037,235.53383
235.47177,235.61693,235.35945,235.48972
235.11526,235.26111,235.00371,235.13454
235.13354,235.2797,235.02176,235.1527
235.17543,235.32158,235.06349,235.1943
235.17307,235.3191,235.0611,235.19177
235.20226,235.34814,235.0902,235.22075
235.17067,235.31653,235.05867,235.18921
235.11441,235.26033,235.0025,235.13312
235.12004,235.26599,235.00809,235.13872
234.99232,235.13849,234.88065,235.01144
234.89276,235.0392,234.78122,234.91222
234.89777,235.04431,234.78616,234.91714
234.98509,235.13147,234.87325,235.00406
234.77083,234.91745,234.65947,234.79051
234.2809,234.42847,234.1705,234.30235
234.30145,234.44952,234.19073,234.32277
234.31079,234.45891,234.19994,234.33185
234.14932,234.29759,234.03873,234.17072
234.01706,234.1656,233.90665,234.03879
234.0361,234.18468,233.92548,234.05757
234.02373,234.17227,233.91307,234.04509
234.04352,234.19194,233.93275,234.06465
234.12025,234.26846,234.00928,234.141
234.17247,234.32045,234.0614,234.193
234.44315,234.59056,234.33151,234.46265
234.56036,234.7073,234.44861,234.57948
234.65984,234.80643,234.548,234.6787
234.83072,234.97693,234.71863,234.84912
234.90927,235.05525,234.79718,234.92758
234.9135,235.05943,234.80153,234.93199
234.83691,234.98305,234.7252,234.8559
234.64943,234.79604,234.53815,234.66925
234.73424,234.881,234.62271,234.75381
234.98724,235.13359,234.87518,235.00587
235.1014,235.2473,234.9892,235.11955
235.06238,235.20815,234.95035,235.08073
234.734,234.88034,234.62274,234.75368
234.4275,234.57474,234.3168,234.44843
234.39781,234.54555,234.28697,234.41882
234.36087,234.50877,234.25,234.38184
234.14397,234.2922,234.0335,234.16553
236.39178,236.53645,236.27634,236.40509
236.49617,236.63899,236.38129,236.50916
236.12405,236.2668,236.01042,236.13885
236.27612,236.41884,236.16231,236.29103
235.9692,236.11267,235.85626,235.98584
235.37613,235.52116,235.26445,235.39532
235.42392,235.56972,235.31189,235.44307
235.66652,235.8121,235.55391,235.68462
236.22325,236.36766,236.10951,236.23909
236.5685,236.71169,236.45425,236.58305
236.34291,236.48605,236.2294,236.35843
235.74617,235.89046,235.63399,235.76416
235.64778,235.79292,235.53558,235.66629
235.52724,235.67288,235.41515,235.5461
235.4269,235.57283,235.31488,235.44589
234.66809,234.81534,234.5576,234.68964
234.48033,234.62854,234.3698,234.50229
234.92557,235.07317,234.81375,234.94537
234.76639,234.91364,234.65497,234.78629
234.87585,235.02267,234.76408,234.89503
234.5479,234.69499,234.43684,234.56815
234.11914,234.26715,234.00885,234.14095
233.88167,234.03058,233.77165,233.90431
234.07265,234.22159,233.96198,234.09436
233.97003,234.11887,233.85954,233.99179
234.2149,234.36324,234.10376,234.2355
234.09875,234.24689,233.9879,234.11961
234.05368,234.20186,233.94289,234.07466
234.0682,234.2164,233.95735,234.08916
234.07533,234.22351,233.96445,234.09625
232.98485,233.13489,232.87646,233.01
232.61008,232.76215,232.50198,232.63683
232.35358,232.50685,232.24567,232.38109
232.78749,232.9404,232.6782,232.81287
232.87587,233.02791,232.76634,232.90025
233.02327,233.17453,232.9133,233.04669
232.95004,233.10103,232.84024,232.97359
232.55312,232.70473,232.44417,232.57825
232.68022,232.83218,232.57076,232.70499
232.72598,232.87785,232.61641,232.75049
232.68066,232.83249,232.5712,232.70526
232.17412,232.32677,232.06577,232.20065
231.95251,232.10625,231.8444,231.98
231.7441,231.89862,231.63623,231.77232
231.56168,231.71687,231.45401,231.59045
231.61905,231.77441,231.51096,231.64738
231.56248,231.71783,231.45438,231.59074
231.62366,231.7789,231.51524,231.65147
231.53374,231.68898,231.42545,231.56175
231.54272,231.698,231.43427,231.57065
231.21094,231.36676,231.1032,231.24011
230.9943,231.15102,230.88686,231.02441
230.9393,231.09657,230.83177,230.96965
231.06793,231.22516,230.95992,231.09763
231.17358,231.33043,231.06528,231.20264
231.28833,231.4447,231.17969,231.31674
231.44533,231.60117,231.33632,231.47304
231.38168,231.5373,231.2729,231.40959
231.776,231.93102,231.66629,231.80249
231.7962,231.95064,231.68669,231.82257
232.0065,232.1604,231.8966,232.03214
232.0392,232.19275,231.92944,232.0648
232.02705,232.18053,231.91748,232.05286
231.81702,231.97087,231.70807,231.84383
231.79762,231.95186,231.68869,231.82468
231.87288,232.0271,231.7638,231.89967
231.87793,232.03206,231.7689,231.90465
231.74931,231.9036,231.64061,231.7765
231.64046,231.79512,231.53197,231.6681
231.47273,231.62785,231.36455,231.50107
231.31445,231.47014,231.20651,231.3434
231.09576,231.25214,230.98822,231.12556
230.9142,231.07127,230.80688,230.94469
230.79881,230.95645,230.69154,230.82967
230.89362,231.05132,230.78592,230.92395
230.98244,231.13985,230.8744,231.01218
230.87607,231.03342,230.76822,230.90604
230.80637,230.96394,230.69855,230.8366
230.78947,230.94724,230.68158,230.81978
230.89386,231.05151,230.78564,230.92372
231.03764,231.19489,230.92906,231.06683
231.275,231.43156,231.16591,231.30316
231.30238,231.45847,231.19337,231.3304
231.34875,231.5046,231.2397,231.37663
231.46162,231.6172,231.3524,231.48917
231.64862,231.8037,231.5391,231.67548
231.6652,231.81998,231.55583,231.69206
231.5896,231.74438,231.48053,231.61685
231.87013,232.02458,231.76047,231.89644
232.21579,232.3693,232.10553,232.24074
232.1951,232.34808,232.08517,232.22012
232.39848,232.55101,232.28822,232.42287
232.49548,232.6476,232.38524,232.51965
232.36847,232.52066,232.25874,232.3933
232.43335,232.58562,232.32355,232.45813
232.37831,232.53067,232.26877,232.40343
232.30952,232.4621,232.20018,232.33499
232.17494,232.3279,232.06596,232.201
232.02324,232.17667,231.91454,232.04991
231.75665,231.9108,231.6485,231.7844
231.64078,231.79555,231.5327,231.66893
231.48901,231.64429,231.38113,231.51767
231.49025,231.64575,231.38216,231.51874
231.45087,231.60646,231.34276,231.47934
231.39008,231.54578,231.28197,231.41862
231.31723,231.4731,231.20917,231.34598
231.28012,231.43617,231.17201,231.30896
231.22867,231.3849,231.12057,231.25764
231.48795,231.64381,231.37912,231.51584
231.67004,231.82523,231.56085,231.69707
231.74316,231.8978,231.63388,231.7698
231.69157,231.84612,231.58249,231.71846
231.73308,231.8876,231.62393,231.75993
231.8084,231.96278,231.69914,231.83505
231.70433,231.8588,231.59543,231.73146
231.7197,231.87427,231.61076,231.74684
231.72215,231.87672,231.61325,231.74931
231.8174,231.97183,231.7083,231.84421
231.65462,231.80916,231.54594,231.68204
231.69608,231.85075,231.58725,231.72339
231.76808,231.92264,231.65912,231.7951
231.72758,231.8821,231.61874,231.75471
231.6357,231.79039,231.52705,231.66321
231.49557,231.65067,231.38724,231.52368
231.5325,231.68777,231.42398,231.5605
231.46837,231.62376,231.35999,231.49655
231.60663,231.76187,231.49783,231.63422
231.67467,231.82957,231.56573,231.70189
231.73726,231.89189,231.62822,231.76418
231.79164,231.94608,231.68251,231.81836
231.63197,231.78656,231.52327,231.65935
231.43558,231.59071,231.3273,231.46384
231.34242,231.4981,231.23425,231.37115
231.1433,231.29955,231.03554,231.17284
230.97868,231.13554,230.87114,231.00883
230.87772,231.03508,230.77025,230.90822
230.79277,230.95047,230.6853,230.82347
230.71294,230.87094,230.60553,230.74385
230.81787,230.97581,230.71,230.84822
230.75795,230.91582,230.65018,230.78836
230.65033,230.80843,230.54268,230.6811
230.56657,230.725,230.459,230.59769
230.55104,230.70969,230.44339,230.58223
230.5089,230.66766,230.40126,230.54019
230.51718,230.67603,230.40944,230.5484
230.58173,230.74045,230.47375,230.61263
230.6263,230.78482,230.5182,230.65692
230.58986,230.7483,230.48183,230.62057
230.58054,230.73903,230.47249,230.61131
230.61967,230.77815,230.51152,230.65031
230.5836,230.74208,230.47557,230.61438
230.67075,230.82912,230.56247,230.70119
230.83191,230.98987,230.72328,230.86165
230.72316,230.88101,230.6149,230.7533
230.68892,230.84692,230.58073,230.71927
230.57285,230.73112,230.46495,230.60373
230.40953,230.56833,230.302,230.44116
230.20158,230.36107,230.09447,230.23412
230.07704,230.23718,229.97008,230.1101
229.98924,230.14984,229.88234,230.02264
229.90575,230.06667,229.79887,229.93938
229.86377,230.02493,229.75682,229.89745
229.82954,229.99088,229.72252,229.86327
229.81737,229.97882,229.71025,229.85107
229.8537,230.01514,229.74637,229.88718
229.9726,230.13379,229.8649,230.00552
229.9902,230.15112,229.88246,230.02293
230.09897,230.25961,229.99092,230.13123
230.15997,230.32031,230.05185,230.19196
230.1954,230.35551,230.08723,230.22726
230.19688,230.3569,230.08876,230.22876
230.19539,230.35536,230.08731,230.22731
230.23999,230.39989,230.13185,230.27179
230.24162,230.40144,230.13356,230.27344
230.22769,230.38748,230.11969,230.25957
230.1909,230.35077,230.08302,230.22296
230.30782,230.46754,230.19965,230.33943
230.38197,230.5414,230.27371,230.41324
230.3945,230.55371,230.28629,230.42567
230.3026,230.46188,230.19464,230.33417
230.23007,230.38963,230.12228,230.26202
230.28,230.4397,230.17209,230.31184
230.33418,230.49373,230.22618,230.36578
230.41763,230.57692,230.30945,230.44884
230.44109,230.60017,230.3329,230.47215
230.42857,230.58759,230.32045,230.4597
230.40819,230.56726,230.30016,230.43945
230.41693,230.57602,230.30887,230.44818
230.52484,230.68379,230.41656,230.55571
230.61258,230.77118,230.50417,230.64305
230.65295,230.81126,230.5445,230.68323
230.62994,230.7882,230.5216,230.66032
230.5703,230.72867,230.46216,230.601
230.54883,230.70737,230.44075,230.5797
230.5146,230.67325,230.40662,230.54564
230.46333,230.62213,230.35547,230.49458
230.33331,230.49243,230.22574,230.36511
230.22899,230.38853,230.12158,230.26123
230.17825,230.33812,230.07088,230.21071
230.17833,230.33836,230.07088,230.21075
230.17647,230.33652,230.06895,230.20883
230.14252,230.30261,230.035,230.17493
230.17068,230.33081,230.06303,230.20296
230.14145,230.30159,230.03384,230.1738
230.1671,230.32724,230.05937,230.19933
230.16776,230.32785,230.06,230.19995
230.26517,230.4251,230.15714,230.29697
230.41626,230.57578,230.3079,230.44742
230.49374,230.65282,230.3853,230.5245
230.53343,230.69223,230.42497,230.56404
230.46582,230.62462,230.3576,230.49675
230.36111,230.52017,230.25317,230.39256
230.20671,230.36624,230.09915,230.23889
230.16554,230.32549,230.05803,230.19801
230.10556,230.26575,229.99815,230.13826
230.08672,230.24704,229.97926,230.11943
230.11795,230.27827,230.01038,230.15047
230.19957,230.35971,230.09175,230.23167
230.21135,230.3713,230.1035,230.24332
230.16788,230.32785,230.06012,230.20001
230.10394,230.26408,229.9963,230.13637
230.0834,230.24374,229.97578,230.11598
230.09596,230.25635,229.98827,230.12848
230.14836,230.30864,230.04053,230.18063
230.22148,230.38153,230.11348,230.2534
230.22916,230.38902,230.12115,230.26099
230.21185,230.3717,230.10391,230.24376
230.19383,230.35374,230.08595,230.22586
230.16298,230.323,230.05519,230.19518
230.2568,230.41675,230.14879,230.28867
230.28804,230.44775,230.18,230.31972
230.27303,230.43265,230.16504,230.30473
230.21547,230.37518,230.10764,230.24744
230.20987,230.3697,230.10204,230.24191
230.2571,230.41693,230.14917,230.28897
230.3467,230.50627,230.23856,230.37817
230.37521,230.53458,230.26706,230.40652
230.52278,230.68181,230.41432,230.55351
230.55197,230.71068,230.44354,230.58255
230.59381,230.7523,230.48532,230.62424
230.5841,230.74255,230.47575,230.61464
230.55275,230.71124,230.44453,230.58347
230.47975,230.63844,230.37175,230.51083
230.50426,230.66304,230.39618,230.53531
230.5407,230.6994,230.43257,230.5716
230.61494,230.77345,230.50665,230.6455
230.69025,230.8485,230.58183,230.72047
230.64667,230.80482,230.53842,230.67705
230.58525,230.74355,230.47717,230.61594
230.59186,230.75029,230.48376,230.6226
230.54027,230.69879,230.43231,230.57121
230.57484,230.73343,230.4668,230.6057
230.64484,230.80325,230.53664,230.67538
230.67267,230.83092,230.56442,230.70305
230.75421,230.91223,230.64577,230.78424
230.73012,230.88803,230.62181,230.76022
230.6691,230.82712,230.56094,230.6995
230.57002,230.7283,230.46211,230.60088
230.54933,230.70787,230.44144,230.58035
230.53194,230.6906,230.42407,230.56303
230.60669,230.76526,230.4986,230.63742
230.64064,230.79901,230.53249,230.67119
230.62418,230.78249,230.51607,230.65475
230.64325,230.80153,230.53508,230.67374
230.65598,230.8142,230.54779,230.68642
230.7313,230.88937,230.62294,230.76146
230.70264,230.86064,230.5944,230.7329
230.65886,230.81696,230.55075,230.68933
230.64383,230.80205,230.53574,230.67442
230.62082,230.77913,230.51279,230.6515
230.62994,230.78827,230.52187,230.66058
230.61949,230.77785,230.51146,230.65018
230.52333,230.68185,230.41553,230.5544
230.4627,230.62149,230.35498,230.49403
230.51746,230.6763,230.40953,230.54858
230.51453,230.67332,230.40662,230.54561
230.48633,230.64513,230.37843,230.51749
230.47493,230.6338,230.36703,230.5061
230.3954,230.55443,230.28766,230.42691
230.30171,230.46106,230.19417,230.33363
230.23888,230.39851,230.1314,230.27106
230.16672,230.32664,230.05934,230.19919
230.03027,230.1906,229.92314,230.06328
229.91457,230.07536,229.80759,229.94804
229.85835,230.0195,229.75136,229.89204
229.79329,229.95471,229.68633,229.82718
229.7503,229.91196,229.64331,229.7843
229.74944,229.9112,229.6423,229.78339
229.75832,229.92009,229.65108,229.79216
229.7854,229.9471,229.678,229.81905
229.81873,229.98032,229.71118,229.85219
229.80731,229.96886,229.69977,229.84076
229.78387,229.94547,229.67636,229.81744
229.76399,229.92567,229.6565,229.79765
229.77632,229.938,229.66876,229.80994
229.82993,229.9915,229.72221,229.8633
229.8432,230.00467,229.73549,229.87648
229.90912,230.0704,229.80125,229.94212
229.94223,230.1033,229.83432,229.97507
229.91342,230.07445,229.80562,229.94637
229.91301,230.07407,229.8052,229.946
229.93604,230.09706,229.8282,229.96895
229.9498,230.11078,229.84198,229.98268
229.95581,230.11673,229.848,229.98866
229.97975,230.1406,229.8719,230.01251
229.96982,230.13063,229.86203,230.00262
229.8972,230.05815,229.7896,229.93031
229.90561,230.06668,229.79797,229.93874
229.91962,230.08069,229.81194,229.95268
229.99295,230.15387,229.8851,230.02571
230.02481,230.18555,229.91693,230.05739
230.02332,230.18393,229.91545,230.05586
229.9886,230.14925,229.88083,230.0213
229.93517,230.09598,229.82753,229.96814
229.95367,230.1146,229.84598,229.98663
229.96382,230.12473,229.85612,229.99673
229.9485,230.1094,229.84085,229.98145
229.96475,230.12564,229.85706,229.99765
229.96306,230.12392,229.85536,229.99593
230.02112,230.18187,229.91325,230.05376
230.02278,230.18344,229.91496,230.05537
230.08203,230.24257,229.97406,230.1144
230.12158,230.28194,230.01357,230.15378
230.14624,230.30646,230.03821,230.17834
230.1357,230.29588,230.02774,230.16786
230.17078,230.33089,230.06276,230.20284
230.26457,230.42447,230.15636,230.29625
230.38063,230.54016,230.27222,230.41182
230.43867,230.59785,230.33023,230.4696
230.55466,230.71347,230.44601,230.58514
230.52858,230.68721,230.42015,230.55919
230.41188,230.5707,230.3038,230.44305
230.37386,230.53296,230.26587,230.40532
230.2339,230.39339,230.1263,230.266
230.1663,230.32617,230.05882,230.19873
230.10355,230.26369,229.99615,230.13623
230.0814,230.24176,229.97401,230.11415
230.07988,230.24028,229.97241,230.11258
230.04004,230.20052,229.9326,230.07281
229.96048,230.12115,229.85316,229.99355
229.90776,230.0687,229.80048,229.94106
229.85612,230.01729,229.74889,229.88962
229.80553,229.96692,229.69832,229.8392
229.78189,229.94345,229.67467,229.81566
229.76756,229.9292,229.66028,229.80133
229.80872,229.97034,229.70126,229.84227
229.83363,229.99515,229.72609,229.86703
229.8637,230.02509,229.75604,229.89693
229.9499,230.11107,229.84201,229.98276
229.98871,230.14963,229.88077,230.02136
230.03867,230.19942,229.93063,230.07112
230.07588,230.23645,229.9678,230.10818
230.10947,230.26987,230.00137,230.14166
230.11372,230.27402,230.00566,230.1459
230.13046,230.29071,230.02243,230.16264
230.18755,230.34767,230.07944,230.21951
230.16708,230.32712,230.05908,230.19913
230.11623,230.27635,230.00839,230.14851
230.12752,230.28772,230.01967,230.1598
230.14874,230.30891,230.04085,230.18095
230.30363,230.46352,230.19539,230.33522
230.45168,230.61102,230.34319,230.48259
230.44559,230.6046,230.3372,230.47646
230.42392,230.5829,230.31566,230.45494
230.37094,230.53006,230.26286,230.40228
230.34784,230.5071,230.23982,230.37935
230.3311,230.49048,230.22318,230.36273
230.27754,230.43704,230.16975,230.3094
230.27698,230.43658,230.16919,230.30885
230.25781,230.41747,230.15004,230.28975
230.29134,230.45096,230.18347,230.32312
230.23079,230.39047,230.12308,230.26279
230.21143,230.37125,230.10371,230.24352
230.11536,230.27538,230.00784,230.14783
230.07007,230.23036,229.9626,230.10275
230.07477,230.23521,229.96724,230.10745
230.20206,230.36229,230.09418,230.23418
230.20862,230.36862,230.10074,230.24062
230.2532,230.41304,230.1452,230.28497
230.26202,230.42178,230.15404,230.29376
230.17294,230.33281,230.06519,230.20508
229.99861,230.15892,229.89125,230.03154
229.84834,230.0093,229.74127,229.88197
229.65579,229.81741,229.54907,229.69026
229.51352,229.67583,229.407,229.54863
